word	freq
Pilot Projects	0.05034032069793833
Kidney Transplantation	0.04556805467863705
Inflammatory Bowel Disease	0.036873519486540426
Arthritis, Juvenile	0.030727932905450357
Myoblasts	0.02602592471361706
Osteoblasts	0.02602592471361706
Receptors, Antigen, T-Cell	0.025315585932576143
Leukocytes, Mononuclear	0.02377163945452429
Ethanol	0.018589946224012187
Magnetic Phenomena	0.018589946224012187
Blood Cells	0.015936469407354287
Colitis, Ulcerative	0.015363966452725178
Monocytes	0.015224348261474055
Hematopoietic Stem Cell Transplantation	0.014750738949532714
DNA Methylation	0.01388698502012092
Salmonella	0.013094080627846838
Interferons	0.012232693790796962
Wound Healing	0.012232693790796962
Guanidines	0.011829965778916846
trizol	0.011829965778916846
Crohn Disease	0.011522974839543884
Biochemical Phenomena	0.011363754770011072
Plasmodium falciparum	0.01067155645771926
Gene Expression	0.01007158208578416
Neutrophils	0.010009971043698869
Phenols	0.010009971043698869
Prospective Studies	0.009514317392842081
Protein Isoforms	0.008975568621070214
Malaria	0.00889296371476605
Research Design	0.008562885653557874
Sequencing, Next-Generation	0.008484130980915482
Virulence	0.008183800392404274
Endothelial Cells	0.007654683739299136
Parasites	0.00762254032694233
DNA	0.007191474385419762
Innate Immune Response	0.006669722786074538
Body Mass Index	0.00567174164560275
B Cells	0.005657809720351535
Genetic Variation	0.0048507074807814824
Cytokines	0.004356715909118761
Adult	0.003997197778827812
Schizophrenia	0.0030936772612378638
RNA	0.0030278171858752166
CD4-Positive T-Lymphocytes	0.0029574914447292114
Gene Regulatory Networks	0.0029527191908820254
Immunity, Innate	0.0029527191908820254
Deep Sequencing	0.002673573631808149
Genotype	0.002667889114429815
Cohort Studies	0.002525539591410797
Multiple Myeloma	0.0024833534952761406
Prognosis	0.0023142934198805065
Fibroblasts	0.0018589946224012186
Child	0.001818622309423172
Illumina Sequencing	0.001752955408430217
Cell Lines	0.001586946628879089
Base Sequence	0.001551441304309125
Humans	0.001495135935735536
Sequencing, RNA	0.0014755948556365052
RNA-Seq	0.0014487418365625535
Tumor Microenvironment	0.001354556451968804
Transcriptome Analysis	0.0012599700641198483
Transcriptome	0.0011917451185718035
Whole Exome Sequencing	0.0010916392891819901
Bone Marrow	0.0010275945497694376
Animals	2.553003937253412e-4
mRNA	1.4396252146528353e-4
