sample_id,true_label,knn_pred_label,knn_prob_DENV
SRR8907879,Naive,Naive,0.17192348095088505
SRR8907880,Naive,Naive,0.0
SRR8907881,Naive,Naive,0.1738987211186772
SRR8907882,Naive,Naive,0.0
SRR8907883,Naive,Naive,0.0
SRR8907884,Naive,Naive,0.0
SRR8907885,Naive,Naive,0.17419629080712545
SRR8907886,Naive,Naive,0.17119162225433315
SRR8907887,Naive,DENV,0.6430948693842115
SRR8907888,Naive,DENV,0.6423347621816341
SRR8907889,Naive,Naive,0.1403172751808457
SRR8907890,Naive,Naive,0.14056244143189145
SRR8907891,DENV,DENV,1.0
SRR8907892,DENV,DENV,1.0
SRR8907893,DENV,DENV,1.0
SRR8907894,DENV,DENV,1.0
SRR8907895,DENV,DENV,1.0
SRR8907896,DENV,DENV,1.0
SRR8907897,DENV,DENV,1.0
SRR8907898,DENV,DENV,1.0
SRR8907899,DENV,DENV,0.669990958929768
SRR8907900,DENV,DENV,1.0
SRR8907901,DENV,DENV,0.703639668525113
SRR8907902,DENV,DENV,0.8500913913482356
SRR8907903,DENV,DENV,1.0
SRR8907904,DENV,DENV,1.0
SRR8907905,DENV,DENV,0.846156314832238
SRR8907906,DENV,DENV,1.0
SRR8907907,DENV,DENV,1.0
SRR8907908,DENV,DENV,0.8449025149734344
SRR8907909,DENV,DENV,1.0
SRR8907910,DENV,DENV,1.0
SRR8907911,DENV,DENV,0.8370548921550642
SRR8907912,DENV,DENV,0.8343524905423754
SRR8907913,DENV,DENV,0.7249976485805557
SRR8907914,DENV,DENV,0.8656071707319484
SRR8907915,DENV,DENV,1.0
SRR8907916,DENV,DENV,0.6645924948019972
SRR8907917,DENV,DENV,0.6680180589418151
SRR8907918,DENV,DENV,0.6605436153910781
SRR8907919,DENV,DENV,1.0
SRR8907920,DENV,DENV,0.6713873263960488
SRR8907921,DENV,DENV,0.6637159439436983
SRR8907922,DENV,DENV,1.0
SRR8907923,DENV,DENV,0.6857488637814786
SRR8907924,DENV,DENV,0.5129528913999655
SRR8907925,DENV,DENV,0.8163324024373293
SRR8907926,DENV,DENV,1.0
SRR8907927,DENV,DENV,0.8341876390406938
SRR8907928,DENV,DENV,0.8360439997364859
SRR8907929,DENV,DENV,0.8368486989970019
SRR8907930,DENV,DENV,1.0
SRR8907931,DENV,DENV,1.0
SRR8907932,DENV,DENV,0.8348792108083627
SRR8907933,DENV,DENV,1.0
SRR8907934,DENV,DENV,1.0
SRR8907935,DENV,DENV,0.6867471154150335
SRR8907936,DENV,DENV,0.6966022474707342
SRR8907937,DENV,Naive,0.0
SRR8907938,DENV,Naive,0.19259543230166476
SRR8907939,Naive,Naive,0.0
SRR8907940,Naive,Naive,0.0
SRR8907941,Naive,Naive,0.0
SRR8907942,Naive,Naive,0.15929368652503517
SRR8907943,Naive,Naive,0.15975745308378222
SRR8907944,Naive,Naive,0.0
SRR8907945,Naive,Naive,0.1623332580092637
SRR8907946,Naive,Naive,0.1615630061454315
SRR8907947,Naive,Naive,0.0
SRR8907948,Naive,Naive,0.0
SRR8907949,Naive,Naive,0.0
SRR8907950,Naive,Naive,0.0
SRR8907951,Naive,Naive,0.36517368977613135
SRR8907952,DENV,DENV,1.0
SRR8907953,DENV,DENV,1.0
SRR8907954,DENV,DENV,1.0
SRR8907955,DENV,DENV,1.0
SRR8907956,DENV,DENV,1.0
SRR8907957,DENV,DENV,1.0
SRR8907958,DENV,DENV,1.0
SRR8907959,DENV,DENV,1.0
SRR8907960,DENV,DENV,0.7088057360675545
SRR8907961,DENV,DENV,0.8549519858829385
SRR8907962,DENV,Naive,0.41347893841925726
SRR8907963,DENV,DENV,0.5608628817993434
SRR8907964,Naive,Naive,0.0
SRR8907965,Naive,Naive,0.0
SRR8907966,Naive,Naive,0.0
SRR8907967,Naive,Naive,0.0
SRR8907968,Naive,Naive,0.0
SRR8907969,Naive,Naive,0.0
SRR8907970,Naive,Naive,0.0
SRR8907971,Naive,Naive,0.0
SRR8907972,Naive,Naive,0.14713072058297574
SRR8907973,Naive,Naive,0.45953785336014547
SRR8907974,Naive,Naive,0.42794142242786126
SRR8907975,Naive,DENV,0.5719173943444559
SRR8907976,Naive,Naive,0.0
SRR8907977,Naive,Naive,0.0
SRR8907978,Naive,Naive,0.0
SRR8907979,Naive,Naive,0.0
SRR8907980,Naive,Naive,0.0
SRR8907981,Naive,Naive,0.0
SRR8907982,Naive,Naive,0.0
SRR8907983,Naive,Naive,0.0
SRR8907984,Naive,Naive,0.15448902836224349
SRR8907985,Naive,Naive,0.15268004627810947
SRR8907986,Naive,Naive,0.4580987456136163
SRR8907987,Naive,Naive,0.3024479150478159
SRR8907988,DENV,Naive,0.3435041318300726
SRR8907989,DENV,DENV,0.6751099999727141
SRR8907990,DENV,DENV,0.6884663455571827
SRR8907991,DENV,DENV,0.8411197812525516
SRR8907992,DENV,DENV,1.0
SRR8907993,DENV,DENV,1.0
SRR8907994,DENV,DENV,1.0
SRR8907995,DENV,DENV,1.0
SRR8907996,DENV,DENV,1.0
SRR8907997,DENV,DENV,1.0
SRR8907998,DENV,DENV,1.0
SRR8907999,DENV,DENV,1.0
SRR8908000,DENV,DENV,0.6669019330859273
SRR8908001,DENV,DENV,0.6712805745910169
SRR8908002,DENV,DENV,0.5514359863177747
SRR8908003,DENV,Naive,0.4121374221053379
SRR8908004,Naive,Naive,0.17366987799338288
SRR8908005,Naive,Naive,0.3392676494120637
SRR8908006,Naive,Naive,0.0
SRR8908007,Naive,Naive,0.3424182758519699
SRR8908008,Naive,Naive,0.0
SRR8908009,Naive,Naive,0.0
SRR8908010,Naive,Naive,0.17092589875487757
SRR8908011,Naive,Naive,0.340733311971427
SRR8908012,Naive,DENV,0.6014334193726528
SRR8908013,Naive,DENV,0.6030781261438021
SRR8908014,Naive,Naive,0.0
SRR8908015,Naive,Naive,0.13895518114631938
SRR8908016,Naive,Naive,0.0
SRR8908017,Naive,Naive,0.0
SRR8908018,Naive,Naive,0.0
SRR8908019,Naive,Naive,0.0
SRR8908020,Naive,Naive,0.0
SRR8908021,Naive,Naive,0.0
SRR8908022,Naive,Naive,0.0
SRR8908023,Naive,Naive,0.0
SRR8908024,Naive,Naive,0.3005688557925563
SRR8908025,Naive,Naive,0.4508122081153171
SRR8908026,Naive,Naive,0.0
SRR8908027,Naive,Naive,0.44085046029885555
SRR8908028,Naive,Naive,0.0
SRR8908029,Naive,Naive,0.0
SRR8908030,Naive,Naive,0.0
SRR8908031,Naive,Naive,0.0
SRR8908032,Naive,Naive,0.0
SRR8908033,Naive,Naive,0.0
SRR8908034,Naive,Naive,0.0
SRR8908035,Naive,Naive,0.0
SRR8908036,Naive,DENV,0.6395247506786695
SRR8908037,Naive,Naive,0.33180192910585504
SRR8908038,Naive,Naive,0.3977256681177318
SRR8908039,Naive,Naive,0.39819453447630837
SRR8908040,DENV,DENV,1.0
SRR8908041,DENV,DENV,1.0
SRR8908042,DENV,DENV,1.0
SRR8908043,DENV,DENV,1.0
SRR8908044,DENV,DENV,1.0
SRR8908045,DENV,DENV,1.0
SRR8908046,DENV,DENV,1.0
SRR8908047,DENV,DENV,1.0
SRR8908048,DENV,DENV,0.8403243052808919
SRR8908049,DENV,DENV,0.8408692010078598
SRR8908050,DENV,Naive,0.4028401718282658
SRR8908051,DENV,DENV,0.5989702003837059
SRR8908052,Naive,Naive,0.0
SRR8908053,Naive,Naive,0.0
SRR8908054,Naive,Naive,0.0
SRR8908055,Naive,Naive,0.0
SRR8908056,Naive,Naive,0.0
SRR8908057,Naive,Naive,0.0
SRR8908058,Naive,Naive,0.0
SRR8908059,Naive,Naive,0.0
SRR8908060,Naive,Naive,0.0
SRR8908061,Naive,Naive,0.0
SRR8908062,Naive,Naive,0.0
SRR8908063,Naive,Naive,0.16128722746024513
SRR8908064,DENV,DENV,1.0
SRR8908065,DENV,DENV,1.0
SRR8908066,DENV,DENV,0.8516416254314069
SRR8908067,DENV,DENV,1.0
SRR8908068,DENV,DENV,0.854420690117885
SRR8908069,DENV,DENV,1.0
SRR8908070,DENV,DENV,0.8531595794816297
SRR8908071,DENV,DENV,0.8517676647221253
SRR8908072,DENV,DENV,0.6570698056899562
SRR8908073,DENV,DENV,0.8442184553722007
SRR8908074,DENV,Naive,0.42526346014051775
SRR8908075,DENV,Naive,0.4185049191628374
SRR8908076,DENV,DENV,1.0
SRR8908077,DENV,DENV,1.0
SRR8908078,DENV,DENV,0.6657660051023995
SRR8908079,DENV,DENV,0.6715302171716435
SRR8908080,DENV,DENV,0.6713342143194507
SRR8908081,DENV,DENV,0.6709813055153513
SRR8908082,DENV,DENV,0.6746631227426856
SRR8908083,DENV,DENV,1.0
SRR8908084,DENV,DENV,0.6798944304055784
SRR8908085,DENV,DENV,0.6842184303942187
SRR8908086,DENV,DENV,0.6178784286466881
SRR8908087,DENV,DENV,0.6150276217788306
SRR8908088,DENV,DENV,0.835363937398286
SRR8908089,DENV,DENV,1.0
SRR8908090,DENV,DENV,0.8362764489680663
SRR8908091,DENV,DENV,0.8364975851549291
SRR8908092,DENV,DENV,0.836905697583545
SRR8908093,DENV,DENV,1.0
SRR8908094,DENV,DENV,0.8366785890134423
SRR8908095,DENV,DENV,1.0
SRR8908096,DENV,DENV,0.6108410840432331
SRR8908097,DENV,DENV,0.6139042923248134
SRR8908098,DENV,DENV,0.7184849363275232
SRR8908099,DENV,Naive,0.45853004858629226
SRR8908100,Naive,Naive,0.16825945679916396
SRR8908101,Naive,Naive,0.17160427742050993
SRR8908102,Naive,Naive,0.0
SRR8908103,Naive,Naive,0.1701002443235275
SRR8908104,Naive,Naive,0.0
SRR8908105,Naive,Naive,0.17069323675934003
SRR8908106,Naive,Naive,0.0
SRR8908107,Naive,Naive,0.1731672358841613
SRR8908108,Naive,DENV,0.5100007834397903
SRR8908109,Naive,DENV,0.5141658273320991
SRR8908110,Naive,Naive,0.2904162096529815
SRR8908111,Naive,Naive,0.0
SRR8908112,DENV,DENV,1.0
SRR8908113,DENV,DENV,1.0
SRR8908114,DENV,DENV,1.0
SRR8908115,DENV,DENV,1.0
SRR8908116,DENV,DENV,1.0
SRR8908117,DENV,DENV,1.0
SRR8908118,DENV,DENV,1.0
SRR8908119,DENV,DENV,1.0
SRR8908120,DENV,Naive,0.39082723226768085
SRR8908121,DENV,Naive,0.3905050646631001
SRR8908122,DENV,DENV,0.5480190646522861
SRR8908123,DENV,DENV,0.691536624216039
SRR8908124,DENV,DENV,1.0
SRR8908125,DENV,DENV,1.0
SRR8908126,DENV,DENV,1.0
SRR8908127,DENV,DENV,1.0
SRR8908128,DENV,DENV,1.0
SRR8908129,DENV,DENV,1.0
SRR8908130,DENV,DENV,1.0
SRR8908131,DENV,DENV,1.0
SRR8908132,DENV,Naive,0.3954279118014476
SRR8908133,DENV,Naive,0.19740151641554754
SRR8908134,DENV,DENV,0.8359293632677567
SRR8908135,DENV,DENV,0.8369935948899806
SRR8908136,Naive,Naive,0.15345139050671297
SRR8908137,Naive,Naive,0.0
SRR8908138,Naive,Naive,0.0
SRR8908139,Naive,Naive,0.0
SRR8908140,Naive,Naive,0.0
SRR8908141,Naive,Naive,0.0
SRR8908142,Naive,Naive,0.0
SRR8908143,Naive,Naive,0.15257754358140171
SRR8908144,Naive,Naive,0.47145971274528
SRR8908145,Naive,Naive,0.47152671950941233
SRR8908146,Naive,DENV,1.0
SRR8908147,Naive,DENV,1.0
SRR8908148,DENV,DENV,1.0
SRR8908149,DENV,DENV,1.0
SRR8908150,DENV,DENV,1.0
SRR8908151,DENV,DENV,0.8249686167311686
SRR8908152,DENV,DENV,0.6535021593496659
SRR8908153,DENV,DENV,0.8234728844344481
SRR8908154,DENV,DENV,0.8282959333792397
SRR8908155,DENV,DENV,0.8247212223211418
SRR8908156,DENV,DENV,0.5233786657866516
SRR8908157,DENV,DENV,0.5003118798835278
SRR8908158,DENV,Naive,0.2060919208095194
SRR8908159,DENV,Naive,0.20708279164151083
SRR8908160,DENV,DENV,1.0
SRR8908161,DENV,DENV,0.8470178899913534
SRR8908162,DENV,DENV,0.8478063060201106
SRR8908163,DENV,DENV,0.851359092740037
SRR8908164,DENV,DENV,1.0
SRR8908165,DENV,DENV,1.0
SRR8908166,DENV,DENV,1.0
SRR8908167,DENV,DENV,0.8519203787058314
SRR8908168,DENV,Naive,0.3469626622777868
SRR8908169,DENV,Naive,0.33985784067209207
SRR8908170,DENV,DENV,1.0
SRR8908171,DENV,DENV,1.0
SRR8908172,Naive,Naive,0.0
SRR8908173,Naive,Naive,0.0
SRR8908174,Naive,Naive,0.0
SRR8908175,Naive,Naive,0.0
SRR8908176,Naive,Naive,0.0
SRR8908177,Naive,Naive,0.0
SRR8908178,Naive,Naive,0.0
SRR8908179,Naive,Naive,0.0
SRR8908180,Naive,Naive,0.19474450349798703
SRR8908181,Naive,Naive,0.194574447660014
SRR8908182,Naive,Naive,0.29761595979751204
SRR8908183,Naive,Naive,0.30670268592050864
SRR8908184,Naive,Naive,0.0
SRR8908185,Naive,Naive,0.0
SRR8908186,Naive,Naive,0.0
SRR8908187,Naive,Naive,0.0
SRR8908188,Naive,Naive,0.0
SRR8908189,Naive,Naive,0.0
SRR8908190,Naive,Naive,0.0
SRR8908191,Naive,Naive,0.0
SRR8908192,Naive,DENV,0.6486599859403702
SRR8908193,Naive,DENV,0.6410254163848578
SRR8908194,Naive,Naive,0.0
SRR8908195,Naive,Naive,0.0
SRR8908196,Naive,Naive,0.0
SRR8908197,Naive,Naive,0.0
SRR8908198,Naive,Naive,0.0
SRR8908199,Naive,Naive,0.0
SRR8908200,Naive,Naive,0.0
SRR8908201,Naive,Naive,0.0
SRR8908202,Naive,Naive,0.0
SRR8908203,Naive,Naive,0.0
SRR8908204,Naive,DENV,1.0
SRR8908205,Naive,DENV,0.8123519081349058
SRR8908206,Naive,Naive,0.4959833602857909
SRR8908207,Naive,Naive,0.17602896838984122
SRR8908208,DENV,DENV,0.6456917847572105
SRR8908209,DENV,DENV,0.6401044702469914
SRR8908210,DENV,DENV,0.6417006461142899
SRR8908211,DENV,DENV,1.0
SRR8908212,DENV,DENV,1.0
SRR8908213,DENV,DENV,0.6363771858165207
SRR8908214,DENV,DENV,0.6458418052075673
SRR8908215,DENV,DENV,1.0
SRR8908216,DENV,DENV,0.8242853814885039
SRR8908217,DENV,DENV,0.6468787247183098
SRR8908218,DENV,Naive,0.4215383669329862
SRR8908219,DENV,Naive,0.4200079319225252
SRR8908220,DENV,DENV,1.0
SRR8908221,DENV,DENV,1.0
SRR8908222,DENV,DENV,1.0
SRR8908223,DENV,DENV,1.0
SRR8908224,DENV,DENV,1.0
SRR8908225,DENV,DENV,1.0
SRR8908226,DENV,DENV,1.0
SRR8908227,DENV,DENV,1.0
SRR8908228,DENV,Naive,0.33582034450621917
SRR8908229,DENV,Naive,0.347161262946771
SRR8908230,DENV,Naive,0.1937134290002042
SRR8908231,DENV,Naive,0.1942141645712477
SRR8908232,DENV,DENV,1.0
SRR8908233,DENV,DENV,1.0
SRR8908234,DENV,DENV,1.0
SRR8908235,DENV,DENV,1.0
SRR8908236,DENV,DENV,1.0
SRR8908237,DENV,DENV,1.0
SRR8908238,DENV,DENV,1.0
SRR8908239,DENV,DENV,1.0
SRR8908240,DENV,DENV,0.8519663771660496
SRR8908241,DENV,DENV,0.8489808547670913
SRR8908242,DENV,Naive,0.3608500922002217
SRR8908243,DENV,Naive,0.38225942437100674
SRR8908244,Naive,Naive,0.0
SRR8908245,Naive,Naive,0.0
SRR8908246,Naive,Naive,0.0
SRR8908247,Naive,Naive,0.0
SRR8908248,Naive,Naive,0.0
SRR8908249,Naive,Naive,0.0
SRR8908250,Naive,Naive,0.0
SRR8908251,Naive,Naive,0.0
SRR8908252,Naive,Naive,0.0
SRR8908253,Naive,Naive,0.14551836009714691
SRR8908254,Naive,Naive,0.31269556006063004
SRR8908255,Naive,Naive,0.300948309880265
SRR8908256,DENV,DENV,0.8329994970294996
SRR8908257,DENV,DENV,0.8348106113291563
SRR8908258,DENV,DENV,0.8356701359619154
SRR8908259,DENV,DENV,1.0
SRR8908260,DENV,DENV,1.0
SRR8908261,DENV,DENV,0.8368958106607876
SRR8908262,DENV,DENV,1.0
SRR8908263,DENV,DENV,1.0
SRR8908264,DENV,DENV,0.8412922725700059
SRR8908265,DENV,DENV,0.8372691604898805
SRR8908266,DENV,DENV,0.6973649750193458
SRR8908267,DENV,DENV,0.848048337822872
SRR8908268,Naive,Naive,0.17235304599888926
SRR8908269,Naive,Naive,0.0
SRR8908270,Naive,Naive,0.0
SRR8908271,Naive,Naive,0.17695254478985334
SRR8908272,Naive,Naive,0.17415249313530892
SRR8908273,Naive,Naive,0.0
SRR8908274,Naive,Naive,0.0
SRR8908275,Naive,Naive,0.17185315923250502
SRR8908276,Naive,Naive,0.0
SRR8908277,Naive,Naive,0.0
SRR8908278,Naive,DENV,0.5796232295162883
SRR8908279,Naive,DENV,0.5814760186458455
SRR8908280,DENV,DENV,1.0
SRR8908281,DENV,DENV,1.0
SRR8908282,DENV,DENV,1.0
SRR8908283,DENV,DENV,1.0
SRR8908284,DENV,DENV,1.0
SRR8908285,DENV,DENV,1.0
SRR8908286,DENV,DENV,1.0
SRR8908287,DENV,DENV,1.0
SRR8908288,DENV,Naive,0.3655593812699663
SRR8908289,DENV,Naive,0.3626938019080353
SRR8908290,DENV,DENV,0.8028351827239311
SRR8908291,DENV,DENV,0.8039424173906572
SRR8908292,DENV,DENV,1.0
SRR8908293,DENV,DENV,1.0
SRR8908294,DENV,DENV,1.0
SRR8908295,DENV,DENV,1.0
SRR8908296,DENV,DENV,1.0
SRR8908297,DENV,DENV,1.0
SRR8908298,DENV,DENV,1.0
SRR8908299,DENV,DENV,1.0
SRR8908300,DENV,DENV,0.6688736767076258
SRR8908301,DENV,DENV,0.5044566977720839
SRR8908302,DENV,DENV,0.7083685606247243
SRR8908303,DENV,DENV,1.0
SRR8908304,DENV,DENV,1.0
SRR8908305,DENV,DENV,1.0
SRR8908306,DENV,DENV,1.0
SRR8908307,DENV,DENV,1.0
SRR8908308,DENV,DENV,1.0
SRR8908309,DENV,DENV,1.0
SRR8908310,DENV,DENV,1.0
SRR8908311,DENV,DENV,1.0
SRR8908312,DENV,DENV,0.5235109762223451
SRR8908313,DENV,Naive,0.3650241464013058
SRR8908314,DENV,DENV,0.6966780559432882
SRR8908315,DENV,DENV,0.7040163748854394
SRR8908316,DENV,DENV,1.0
SRR8908317,DENV,DENV,0.8307901072199277
SRR8908318,DENV,DENV,1.0
SRR8908319,DENV,DENV,0.8323523479969763
SRR8908320,DENV,DENV,0.8321208329445586
SRR8908321,DENV,DENV,1.0
SRR8908322,DENV,DENV,0.8309243498596245
SRR8908323,DENV,DENV,1.0
SRR8908324,DENV,Naive,0.39741681870173756
SRR8908325,DENV,Naive,0.3924672746772381
SRR8908326,DENV,DENV,0.6878018946830874
SRR8908327,DENV,DENV,0.5425255633979333
SRR8908328,DENV,DENV,1.0
SRR8908329,DENV,DENV,1.0
SRR8908330,DENV,DENV,1.0
SRR8908331,DENV,DENV,1.0
SRR8908332,DENV,DENV,1.0
SRR8908333,DENV,DENV,1.0
SRR8908334,DENV,DENV,1.0
SRR8908335,DENV,DENV,1.0
SRR8908336,DENV,DENV,0.5076762164448135
SRR8908337,DENV,DENV,0.6615710383916674
SRR8908338,DENV,Naive,0.39561131626047413
SRR8908339,DENV,Naive,0.39335113146220335
SRR8908340,DENV,DENV,0.6648667430364604
SRR8908341,DENV,DENV,0.6584401223767846
SRR8908342,DENV,DENV,1.0
SRR8908343,DENV,DENV,1.0
SRR8908344,DENV,DENV,0.6629178479849439
SRR8908345,DENV,DENV,1.0
SRR8908346,DENV,DENV,0.6618794798802861
SRR8908347,DENV,DENV,0.6621285739093767
SRR8908348,DENV,DENV,0.6660756450969113
SRR8908349,DENV,DENV,0.6643783818416968
SRR8908350,DENV,Naive,0.35447244315465243
SRR8908351,DENV,Naive,0.36633028908024207
SRR8908352,Naive,Naive,0.0
SRR8908353,Naive,Naive,0.0
SRR8908354,Naive,Naive,0.0
SRR8908355,Naive,Naive,0.0
SRR8908356,Naive,Naive,0.0
SRR8908357,Naive,Naive,0.0
SRR8908358,Naive,Naive,0.0
SRR8908359,Naive,Naive,0.0
SRR8908360,Naive,Naive,0.4961783966028791
SRR8908361,Naive,Naive,0.48699299293255427
SRR8908362,Naive,Naive,0.4678213901999091
SRR8908363,Naive,Naive,0.3114180496765079
SRR8908364,Naive,Naive,0.0
SRR8908365,Naive,Naive,0.0
SRR8908366,Naive,Naive,0.0
SRR8908367,Naive,Naive,0.0
SRR8908368,Naive,Naive,0.0
SRR8908369,Naive,Naive,0.0
SRR8908370,Naive,Naive,0.0
SRR8908371,Naive,Naive,0.0
SRR8908372,Naive,Naive,0.4859197814972197
SRR8908373,Naive,Naive,0.32675796152380954
SRR8908374,Naive,DENV,0.6306984321657054
SRR8908375,Naive,Naive,0.3186847633877412
SRR8908376,DENV,DENV,0.8671515428713519
SRR8908377,DENV,DENV,0.868236072069469
SRR8908378,DENV,DENV,0.6844449416220254
SRR8908379,DENV,DENV,0.522102896192418
SRR8908380,Naive,Naive,0.34085233841100987
SRR8908381,Naive,Naive,0.33600889916405424
SRR8908382,Naive,Naive,0.3439074570815693
SRR8908383,Naive,Naive,0.0
SRR8908384,Naive,Naive,0.0
SRR8908385,Naive,Naive,0.3367234785618749
SRR8908386,Naive,Naive,0.16910403182299896
SRR8908387,Naive,Naive,0.0
SRR8908388,Naive,Naive,0.3154997657229639
SRR8908389,Naive,Naive,0.31724401653447226
SRR8908390,Naive,Naive,0.3917478192575132
SRR8908391,Naive,Naive,0.38846261280712346
SRR8908392,DENV,DENV,0.8437453707932093
SRR8908393,DENV,DENV,1.0
SRR8908394,DENV,DENV,0.8433991468971347
SRR8908395,DENV,DENV,1.0
SRR8908396,DENV,DENV,1.0
SRR8908397,DENV,DENV,0.8454382668677066
SRR8908398,DENV,DENV,1.0
SRR8908399,DENV,DENV,1.0
SRR8908400,DENV,Naive,0.3661560066810015
SRR8908401,DENV,DENV,0.5157333796160704
SRR8908402,DENV,DENV,0.8096907458573854
SRR8908403,DENV,DENV,0.8112359378943008
SRR8908404,Naive,Naive,0.0
SRR8908405,Naive,Naive,0.0
SRR8908406,Naive,Naive,0.0
SRR8908407,Naive,Naive,0.0
SRR8908408,Naive,Naive,0.0
SRR8908409,Naive,Naive,0.0
SRR8908410,Naive,Naive,0.0
SRR8908411,Naive,Naive,0.0
SRR8908412,Naive,DENV,0.8045064612629854
SRR8908413,Naive,DENV,0.8031096435132022
SRR8908414,Naive,Naive,0.19543797696704177
SRR8908415,Naive,Naive,0.20065042932492325
SRR8908416,Naive,Naive,0.0
SRR8908417,Naive,Naive,0.0
SRR8908418,Naive,Naive,0.0
SRR8908419,Naive,Naive,0.0
SRR8908420,Naive,Naive,0.0
SRR8908421,Naive,Naive,0.0
SRR8908422,Naive,Naive,0.0
SRR8908423,Naive,Naive,0.0
SRR8908424,Naive,Naive,0.305118300988636
SRR8908425,Naive,Naive,0.29909753370707975
SRR8908426,Naive,DENV,0.61145704614735
SRR8908427,Naive,DENV,0.6119620748057365
SRR8908428,DENV,DENV,1.0
SRR8908429,DENV,DENV,1.0
SRR8908430,DENV,DENV,1.0
SRR8908431,DENV,DENV,1.0
SRR8908432,DENV,DENV,1.0
SRR8908433,DENV,DENV,1.0
SRR8908434,DENV,DENV,1.0
SRR8908435,DENV,DENV,1.0
SRR8908436,DENV,Naive,0.4766270289241623
SRR8908437,DENV,DENV,0.643025730710396
SRR8908438,DENV,DENV,0.8692713683659395
SRR8908439,DENV,DENV,0.7384360209790206
SRR8908440,DENV,DENV,0.6479744420228696
SRR8908441,DENV,DENV,0.6498539252373289
SRR8908442,DENV,DENV,1.0
SRR8908443,DENV,DENV,1.0
SRR8908444,DENV,DENV,0.6498361508509513
SRR8908445,DENV,DENV,0.6524316377505185
SRR8908446,DENV,DENV,0.6523508203231567
SRR8908447,DENV,DENV,1.0
SRR8908448,DENV,DENV,0.5994913527286536
SRR8908449,DENV,DENV,0.5919122672728955
SRR8908450,DENV,DENV,1.0
SRR8908451,DENV,DENV,1.0
SRR8908452,Naive,Naive,0.0
SRR8908453,Naive,Naive,0.0
SRR8908454,Naive,Naive,0.0
SRR8908455,Naive,Naive,0.0
SRR8908456,Naive,Naive,0.0
SRR8908457,Naive,Naive,0.0
SRR8908458,Naive,Naive,0.0
SRR8908459,Naive,Naive,0.0
SRR8908460,Naive,Naive,0.39592105367313624
SRR8908461,Naive,Naive,0.20911528167048193
SRR8908462,Naive,Naive,0.4165256654322629
SRR8908463,Naive,Naive,0.4159821125611627
SRR8908464,Naive,Naive,0.0
SRR8908465,Naive,Naive,0.0
SRR8908466,Naive,Naive,0.0
SRR8908467,Naive,Naive,0.0
SRR8908468,Naive,Naive,0.0
SRR8908469,Naive,Naive,0.0
SRR8908470,Naive,Naive,0.0
SRR8908471,Naive,Naive,0.0
SRR8908472,Naive,Naive,0.0
SRR8908473,Naive,Naive,0.32749193418978845
SRR8908474,Naive,DENV,0.5608892070487463
SRR8908475,Naive,Naive,0.29119582873311906
SRR8908476,Naive,Naive,0.0
SRR8908477,Naive,Naive,0.0
SRR8908478,Naive,Naive,0.0
SRR8908479,Naive,Naive,0.0
SRR8908480,Naive,Naive,0.0
SRR8908481,Naive,Naive,0.0
SRR8908482,Naive,Naive,0.0
SRR8908483,Naive,Naive,0.0
SRR8908484,Naive,Naive,0.0
SRR8908485,Naive,Naive,0.0
SRR8908486,Naive,Naive,0.15814115280018456
SRR8908487,Naive,Naive,0.15945278679280442
SRR8908488,DENV,DENV,0.8468878068864433
SRR8908489,DENV,DENV,0.6832628707462225
SRR8908490,DENV,DENV,0.8427326848000978
SRR8908491,DENV,DENV,0.8401528179297794
SRR8908492,Naive,Naive,0.17370254877019498
SRR8908493,Naive,Naive,0.17577277845041137
SRR8908494,Naive,Naive,0.0
SRR8908495,Naive,Naive,0.16844393277680922
SRR8908496,Naive,Naive,0.0
SRR8908497,Naive,Naive,0.0
SRR8908498,Naive,Naive,0.17412433801638028
SRR8908499,Naive,Naive,0.16919822725724
SRR8908500,Naive,DENV,1.0
SRR8908501,Naive,DENV,0.8073106198852253
SRR8908502,Naive,Naive,0.4088013547551729
SRR8908503,Naive,Naive,0.4044251793015164
SRR8908504,Naive,Naive,0.0
SRR8908505,Naive,Naive,0.0
SRR8908506,Naive,Naive,0.0
SRR8908507,Naive,Naive,0.0
SRR8908508,Naive,Naive,0.0
SRR8908509,Naive,Naive,0.0
SRR8908510,Naive,Naive,0.0
SRR8908511,Naive,Naive,0.0
SRR8908512,Naive,Naive,0.4892009691152084
SRR8908513,Naive,Naive,0.33886789308321613
SRR8908514,Naive,Naive,0.31195268953210376
SRR8908515,Naive,Naive,0.3188056923245804
SRR8908516,Naive,Naive,0.1645929756737635
SRR8908517,Naive,Naive,0.1657675392003041
SRR8908518,Naive,Naive,0.0
SRR8908519,Naive,Naive,0.0
SRR8908520,Naive,Naive,0.0
SRR8908521,Naive,Naive,0.0
SRR8908522,Naive,Naive,0.16663000454600663
SRR8908523,Naive,Naive,0.16686757478230513
SRR8908524,Naive,DENV,0.5837840697007518
SRR8908525,Naive,DENV,0.5913147934392836
SRR8908526,Naive,Naive,0.14288209278132277
SRR8908527,Naive,Naive,0.42498861395699994
SRR8908528,Naive,Naive,0.0
SRR8908529,Naive,Naive,0.0
SRR8908530,Naive,Naive,0.0
SRR8908531,Naive,Naive,0.0
SRR8908532,Naive,Naive,0.0
SRR8908533,Naive,Naive,0.0
SRR8908534,Naive,Naive,0.0
SRR8908535,Naive,Naive,0.0
SRR8908536,Naive,DENV,0.6528844465996044
SRR8908537,Naive,DENV,0.6587205324979154
SRR8908538,Naive,Naive,0.3143171175880543
SRR8908539,Naive,Naive,0.2992149185477955
SRR8908540,Naive,Naive,0.0
SRR8908541,Naive,Naive,0.0
SRR8908542,Naive,Naive,0.0
SRR8908543,Naive,Naive,0.0
SRR8908544,Naive,Naive,0.0
SRR8908545,Naive,Naive,0.0
SRR8908546,Naive,Naive,0.0
SRR8908547,Naive,Naive,0.0
SRR8908548,Naive,Naive,0.32410440469990787
SRR8908549,Naive,Naive,0.16045234717115994
SRR8908550,Naive,DENV,0.806203250340552
SRR8908551,Naive,DENV,0.8047643206508676
SRR8908552,Naive,Naive,0.0
SRR8908553,Naive,Naive,0.0
SRR8908554,Naive,Naive,0.0
SRR8908555,Naive,Naive,0.0
SRR8908556,Naive,Naive,0.0
SRR8908557,Naive,Naive,0.0
SRR8908558,Naive,Naive,0.0
SRR8908559,Naive,Naive,0.0
SRR8908560,Naive,DENV,0.6373962356253297
SRR8908561,Naive,DENV,0.625525610550034
SRR8908562,Naive,Naive,0.0
SRR8908563,Naive,Naive,0.0
SRR8908564,DENV,DENV,1.0
SRR8908565,DENV,DENV,1.0
SRR8908566,DENV,DENV,1.0
SRR8908567,DENV,DENV,1.0
SRR8908568,DENV,DENV,1.0
SRR8908569,DENV,DENV,1.0
SRR8908570,DENV,DENV,1.0
SRR8908571,DENV,DENV,1.0
SRR8908572,DENV,Naive,0.18815338300970602
SRR8908573,DENV,Naive,0.18431027504586925
SRR8908574,DENV,Naive,0.18845559107138254
SRR8908575,DENV,Naive,0.18755225803886855
SRR8908576,DENV,DENV,1.0
SRR8908577,DENV,DENV,1.0
SRR8908578,DENV,DENV,1.0
SRR8908579,DENV,DENV,1.0
SRR8908580,DENV,DENV,1.0
SRR8908581,DENV,DENV,1.0
SRR8908582,DENV,DENV,1.0
SRR8908583,DENV,DENV,1.0
SRR8908584,DENV,DENV,0.6886293695189311
SRR8908585,DENV,DENV,0.6975101987449954
SRR8908586,DENV,Naive,0.3995141993132973
SRR8908587,DENV,Naive,0.39454090996180374
SRR8908588,DENV,DENV,1.0
SRR8908589,DENV,DENV,1.0
SRR8908590,DENV,DENV,1.0
SRR8908591,DENV,DENV,1.0
SRR8908592,DENV,DENV,1.0
SRR8908593,DENV,DENV,1.0
SRR8908594,DENV,DENV,1.0
SRR8908595,DENV,DENV,1.0
SRR8908596,DENV,DENV,0.6579930480670223
SRR8908597,DENV,DENV,0.8304310265279284
SRR8908598,DENV,Naive,0.3910500868112005
SRR8908599,DENV,Naive,0.39245840805642473
SRR8908600,DENV,Naive,0.39804664082364993
SRR8908601,DENV,Naive,0.3912928529622334
SRR8908602,DENV,DENV,0.7211241791942286
SRR8908603,DENV,DENV,0.713430078689025
SRR8908604,Naive,Naive,0.0
SRR8908605,Naive,Naive,0.0
SRR8908606,Naive,Naive,0.0
SRR8908607,Naive,Naive,0.0
SRR8908608,Naive,Naive,0.0
SRR8908609,Naive,Naive,0.0
SRR8908610,Naive,Naive,0.0
SRR8908611,Naive,Naive,0.0
SRR8908612,Naive,Naive,0.2132204810780928
SRR8908613,Naive,Naive,0.40507621102112973
SRR8908614,Naive,Naive,0.15190362476516178
SRR8908615,Naive,Naive,0.0
SRR8908616,Naive,Naive,0.0
SRR8908617,Naive,Naive,0.16954776313796932
SRR8908618,Naive,Naive,0.0
SRR8908619,Naive,Naive,0.0
SRR8908620,Naive,Naive,0.0
SRR8908621,Naive,Naive,0.0
SRR8908622,Naive,Naive,0.0
SRR8908623,Naive,Naive,0.0
SRR8908624,Naive,Naive,0.0
SRR8908625,Naive,Naive,0.0
SRR8908626,Naive,Naive,0.3016846276907472
SRR8908627,Naive,Naive,0.15528628184969356
SRR8908628,Naive,Naive,0.0
SRR8908629,Naive,Naive,0.17600939474730068
SRR8908630,Naive,Naive,0.17162339913775954
SRR8908631,Naive,Naive,0.17570429934486895
SRR8908632,Naive,Naive,0.0
SRR8908633,Naive,Naive,0.1802368026845165
SRR8908634,Naive,Naive,0.0
SRR8908635,Naive,Naive,0.0
SRR8908636,Naive,Naive,0.3130677191513915
SRR8908637,Naive,Naive,0.47170875768027604
SRR8908638,Naive,Naive,0.0
SRR8908639,Naive,Naive,0.0
SRR8908640,Naive,Naive,0.0
SRR8908641,Naive,Naive,0.0
SRR8908642,Naive,Naive,0.0
SRR8908643,Naive,Naive,0.0
SRR8908644,Naive,Naive,0.0
SRR8908645,Naive,Naive,0.0
SRR8908646,Naive,Naive,0.0
SRR8908647,Naive,Naive,0.1536237465336376
SRR8908648,Naive,Naive,0.3167169340133108
SRR8908649,Naive,Naive,0.31889624274866335
SRR8908650,Naive,Naive,0.3594004603006789
SRR8908651,Naive,Naive,0.36025554829862183
SRR8908652,Naive,Naive,0.17409691892722662
SRR8908653,Naive,Naive,0.0
SRR8908654,Naive,Naive,0.1731803617517576
SRR8908655,Naive,Naive,0.0
SRR8908656,Naive,Naive,0.17226079254750998
SRR8908657,Naive,Naive,0.1725513081019414
SRR8908658,Naive,Naive,0.0
SRR8908659,Naive,Naive,0.17102790352700717
SRR8908660,Naive,DENV,0.8036507219384815
SRR8908661,Naive,DENV,0.804487727746179
SRR8908662,Naive,Naive,0.2912116757306661
SRR8908663,Naive,Naive,0.28803549479216645
SRR8908664,DENV,DENV,1.0
SRR8908665,DENV,DENV,1.0
SRR8908666,DENV,DENV,1.0
SRR8908667,DENV,DENV,1.0
SRR8908668,DENV,DENV,1.0
SRR8908669,DENV,DENV,1.0
SRR8908670,DENV,DENV,1.0
SRR8908671,DENV,DENV,1.0
SRR8908672,DENV,DENV,1.0
SRR8908673,DENV,DENV,0.6938648218281916
SRR8908674,DENV,Naive,0.3985728499140717
SRR8908675,DENV,Naive,0.40012972044816025
SRR8908676,Naive,Naive,0.0
SRR8908677,Naive,Naive,0.0
SRR8908678,Naive,Naive,0.0
SRR8908679,Naive,Naive,0.0
SRR8908680,Naive,Naive,0.0
SRR8908681,Naive,Naive,0.0
SRR8908682,Naive,Naive,0.0
SRR8908683,Naive,Naive,0.0
SRR8908684,Naive,Naive,0.4944592480178353
SRR8908685,Naive,Naive,0.3365485421447182
SRR8908686,Naive,Naive,0.0
SRR8908687,Naive,Naive,0.0
SRR8908688,Naive,Naive,0.0
SRR8908689,Naive,Naive,0.0
SRR8908690,Naive,Naive,0.0
SRR8908691,Naive,Naive,0.0
SRR8908692,Naive,Naive,0.0
SRR8908693,Naive,Naive,0.0
SRR8908694,Naive,Naive,0.0
SRR8908695,Naive,Naive,0.0
SRR8908696,Naive,Naive,0.0
SRR8908697,Naive,Naive,0.0
SRR8908698,Naive,Naive,0.30511987199811563
SRR8908699,Naive,Naive,0.10553133425847395
SRR8908700,DENV,DENV,0.8444952317081317
SRR8908701,DENV,DENV,1.0
SRR8908702,DENV,DENV,0.8445994778173241
SRR8908703,DENV,DENV,1.0
SRR8908704,DENV,DENV,1.0
SRR8908705,DENV,DENV,0.8391780088427229
SRR8908706,DENV,DENV,0.8436419659194861
SRR8908707,DENV,DENV,1.0
SRR8908708,DENV,DENV,1.0
SRR8908709,DENV,DENV,0.6643195766864589
SRR8908710,DENV,DENV,1.0
SRR8908711,DENV,DENV,0.8510086492253601
SRR8908712,Naive,Naive,0.0
SRR8908713,Naive,Naive,0.0
SRR8908714,Naive,Naive,0.0
SRR8908715,Naive,Naive,0.0
SRR8908716,Naive,Naive,0.0
SRR8908717,Naive,Naive,0.0
SRR8908718,Naive,Naive,0.0
SRR8908719,Naive,Naive,0.0
SRR8908720,Naive,DENV,0.608241565238041
SRR8908721,Naive,DENV,0.794234212471022
SRR8908722,Naive,DENV,0.5827419785149226
SRR8908723,Naive,DENV,0.5817737984520316
SRR8908724,DENV,DENV,1.0
SRR8908725,DENV,DENV,1.0
SRR8908726,DENV,DENV,1.0
SRR8908727,DENV,DENV,1.0
SRR8908728,DENV,DENV,1.0
SRR8908729,DENV,DENV,1.0
SRR8908730,DENV,DENV,1.0
SRR8908731,DENV,DENV,1.0
SRR8908732,DENV,DENV,0.7175094379583317
SRR8908733,DENV,DENV,0.5729899647078351
SRR8908734,DENV,DENV,0.6059064386380068
SRR8908735,DENV,DENV,0.6060738887131203
SRR8908736,DENV,DENV,0.6747324274335861
SRR8908737,DENV,DENV,0.6806120024359333
SRR8908738,DENV,Naive,0.4158102678848011
SRR8908739,DENV,DENV,0.5565965670511759
SRR8908740,DENV,DENV,0.6866480631015099
SRR8908741,DENV,DENV,1.0
SRR8908742,DENV,DENV,0.6798253199455209
SRR8908743,DENV,DENV,0.6808412887510046
SRR8908744,DENV,DENV,1.0
SRR8908745,DENV,DENV,0.6873440058546868
SRR8908746,DENV,DENV,1.0
SRR8908747,DENV,DENV,0.6883110219065182
SRR8908748,DENV,DENV,0.6983624651663598
SRR8908749,DENV,DENV,0.8398291507694355
SRR8908750,DENV,DENV,1.0
SRR8908751,DENV,DENV,1.0
SRR8908752,Naive,Naive,0.0
SRR8908753,Naive,Naive,0.15458470037533686
SRR8908754,Naive,Naive,0.0
SRR8908755,Naive,Naive,0.0
SRR8908756,Naive,Naive,0.1543728461412377
SRR8908757,Naive,Naive,0.0
SRR8908758,Naive,Naive,0.15263679174413516
SRR8908759,Naive,Naive,0.15505895908378323
SRR8908760,Naive,DENV,0.5056115717490716
SRR8908761,Naive,DENV,0.507581250767227
SRR8908762,Naive,Naive,0.2900122458681183
SRR8908763,Naive,Naive,0.14148816365483796
SRR8908764,Naive,Naive,0.0
SRR8908765,Naive,Naive,0.0
SRR8908766,Naive,Naive,0.0
SRR8908767,Naive,Naive,0.0
SRR8908768,Naive,Naive,0.0
SRR8908769,Naive,Naive,0.0
SRR8908770,Naive,Naive,0.0
SRR8908771,Naive,Naive,0.0
SRR8908772,Naive,DENV,0.8122952036280643
SRR8908773,Naive,DENV,1.0
SRR8908774,Naive,Naive,0.0
SRR8908775,Naive,DENV,0.5931834665449169
SRR8908776,DENV,DENV,1.0
SRR8908777,DENV,DENV,1.0
SRR8908778,DENV,DENV,1.0
SRR8908779,DENV,DENV,1.0
SRR8908780,DENV,DENV,1.0
SRR8908781,DENV,DENV,1.0
SRR8908782,DENV,DENV,1.0
SRR8908783,DENV,DENV,1.0
SRR8908784,DENV,DENV,0.523162727764271
SRR8908785,DENV,DENV,0.6828133704582802
SRR8908786,DENV,DENV,0.6982853596676907
SRR8908787,DENV,DENV,0.6941117062772288
SRR8908788,DENV,DENV,1.0
SRR8908789,DENV,DENV,1.0
SRR8908790,DENV,DENV,1.0
SRR8908791,DENV,DENV,1.0
SRR8908792,DENV,DENV,1.0
SRR8908793,DENV,DENV,1.0
SRR8908794,DENV,DENV,1.0
SRR8908795,DENV,DENV,1.0
SRR8908796,DENV,DENV,0.5991642592379189
SRR8908797,DENV,DENV,0.5993642757718736
SRR8908798,DENV,DENV,1.0
SRR8908799,DENV,DENV,1.0
SRR8908800,Naive,Naive,0.0
SRR8908801,Naive,Naive,0.0
SRR8908802,Naive,Naive,0.0
SRR8908803,Naive,Naive,0.0
SRR8908804,Naive,Naive,0.0
SRR8908805,Naive,Naive,0.0
SRR8908806,Naive,Naive,0.0
SRR8908807,Naive,Naive,0.0
SRR8908808,Naive,Naive,0.1519296115029503
SRR8908809,Naive,Naive,0.0
SRR8908810,Naive,Naive,0.3163582503152051
SRR8908811,Naive,Naive,0.3135344167000517
SRR8908812,Naive,Naive,0.0
SRR8908813,Naive,Naive,0.0
SRR8908814,Naive,Naive,0.0
SRR8908815,Naive,Naive,0.0
SRR8908816,Naive,Naive,0.0
SRR8908817,Naive,Naive,0.0
SRR8908818,Naive,Naive,0.0
SRR8908819,Naive,Naive,0.0
SRR8908820,Naive,Naive,0.4689374822379907
SRR8908821,Naive,Naive,0.3169903038218934
SRR8908822,Naive,DENV,0.5788503777832008
SRR8908823,Naive,Naive,0.2957110475854437
SRR8908824,Naive,Naive,0.0
SRR8908825,Naive,Naive,0.0
SRR8908826,Naive,Naive,0.0
SRR8908827,Naive,Naive,0.0
SRR8908828,Naive,Naive,0.0
SRR8908829,Naive,Naive,0.0
SRR8908830,Naive,Naive,0.0
SRR8908831,Naive,Naive,0.0
SRR8908832,Naive,Naive,0.3407903838163963
SRR8908833,Naive,DENV,0.5052189875211291
SRR8908834,Naive,Naive,0.29141252816753477
SRR8908835,Naive,Naive,0.0
SRR8908836,Naive,Naive,0.0
SRR8908837,Naive,Naive,0.0
SRR8908838,Naive,Naive,0.0
SRR8908839,Naive,Naive,0.16471630652136957
SRR8908840,Naive,Naive,0.0
SRR8908841,Naive,Naive,0.16181776283323276
SRR8908842,Naive,Naive,0.0
SRR8908843,Naive,Naive,0.0
SRR8908844,Naive,Naive,0.48774243500386105
SRR8908845,Naive,Naive,0.31635208682429994
SRR8908846,Naive,Naive,0.3383721144612833
SRR8908847,Naive,Naive,0.32643433091210416
SRR8908848,Naive,Naive,0.0
SRR8908849,Naive,Naive,0.0
SRR8908850,Naive,Naive,0.0
SRR8908851,Naive,Naive,0.0
SRR8908852,Naive,Naive,0.0
SRR8908853,Naive,Naive,0.0
SRR8908854,Naive,Naive,0.0
SRR8908855,Naive,Naive,0.0
SRR8908856,Naive,DENV,0.6269882837965923
SRR8908857,Naive,Naive,0.31403900628476955
SRR8908858,Naive,Naive,0.44272562103676893
SRR8908859,Naive,Naive,0.144012798717971
SRR8908860,Naive,Naive,0.0
SRR8908861,Naive,Naive,0.0
SRR8908862,Naive,Naive,0.0
SRR8908863,Naive,Naive,0.0
SRR8908864,Naive,Naive,0.0
SRR8908865,Naive,Naive,0.0
SRR8908866,Naive,Naive,0.0
SRR8908867,Naive,Naive,0.0
SRR8908868,Naive,Naive,0.0
SRR8908869,Naive,Naive,0.16732966318285505
SRR8908870,Naive,Naive,0.3214130604574982
SRR8908871,Naive,Naive,0.3074111740811926
SRR8908872,Naive,Naive,0.16460927340950188
SRR8908873,Naive,Naive,0.0
SRR8908874,Naive,Naive,0.0
SRR8908875,Naive,Naive,0.0
SRR8908876,Naive,Naive,0.0
SRR8908877,Naive,Naive,0.16373712920516567
SRR8908878,Naive,Naive,0.16409108433840575
SRR8908879,Naive,Naive,0.0
SRR8908880,Naive,DENV,0.5005354287875434
SRR8908881,Naive,DENV,0.6678748505534582
SRR8908882,Naive,Naive,0.3079911485691347
SRR8908883,Naive,Naive,0.0
SRR8908884,DENV,DENV,1.0
SRR8908885,DENV,DENV,1.0
SRR8908886,DENV,DENV,1.0
SRR8908887,DENV,DENV,0.8399449993282669
SRR8908888,DENV,DENV,1.0
SRR8908889,DENV,DENV,0.8436554446347013
SRR8908890,DENV,DENV,1.0
SRR8908891,DENV,DENV,1.0
SRR8908892,DENV,DENV,0.594004733928738
SRR8908893,DENV,DENV,0.5869839190647244
SRR8908894,DENV,DENV,0.6027657241266826
SRR8908895,DENV,DENV,0.603026741436457
SRR8908896,DENV,Naive,0.397312139630529
SRR8908897,DENV,Naive,0.39527974143814
SRR8908898,DENV,Naive,0.4924797268783812
SRR8908899,DENV,Naive,0.3215381619546957
