sample_id,knn_k1000_prob_DENV,knn_k1000_pred
SRR8907879,0.1515842330353938,Naive
SRR8907880,0.0,Naive
SRR8907881,0.1502387817173396,Naive
SRR8907882,0.0,Naive
SRR8907883,0.0,Naive
SRR8907884,0.0,Naive
SRR8907885,0.15660234766917466,Naive
SRR8907886,0.15157291122038666,Naive
SRR8907887,0.5973049195186156,DENV
SRR8907888,0.45714163084922266,Naive
SRR8907889,0.13167532417742417,Naive
SRR8907890,0.1307775881909689,Naive
SRR8907891,1.0,DENV
SRR8907892,1.0,DENV
SRR8907893,1.0,DENV
SRR8907894,1.0,DENV
SRR8907895,1.0,DENV
SRR8907896,1.0,DENV
SRR8907897,1.0,DENV
SRR8907898,0.8518558182593302,DENV
SRR8907899,0.6870409751483096,DENV
SRR8907900,0.8465673478742409,DENV
SRR8907901,0.7315816627084536,DENV
SRR8907902,0.8652736489243482,DENV
SRR8907903,0.7219782794636418,DENV
SRR8907904,0.7187459652534174,DENV
SRR8907905,0.7204760641105808,DENV
SRR8907906,0.7294494836992114,DENV
SRR8907907,1.0,DENV
SRR8907908,0.726165570169079,DENV
SRR8907909,1.0,DENV
SRR8907910,1.0,DENV
SRR8907911,0.7224023447825325,DENV
SRR8907912,0.717508519285056,DENV
SRR8907913,0.747176674761362,DENV
SRR8907914,0.8745708293558977,DENV
SRR8907915,1.0,DENV
SRR8907916,0.7061204809668421,DENV
SRR8907917,0.7124268210199746,DENV
SRR8907918,0.7056978773450668,DENV
SRR8907919,1.0,DENV
SRR8907920,0.7113604685521516,DENV
SRR8907921,0.7039183915313175,DENV
SRR8907922,1.0,DENV
SRR8907923,0.5379498448377656,DENV
SRR8907924,0.3619743639357914,Naive
SRR8907925,0.8123772187775963,DENV
SRR8907926,0.8153887163023918,DENV
SRR8907927,0.8688984480053263,DENV
SRR8907928,0.8646534100390041,DENV
SRR8907929,0.8635587867697219,DENV
SRR8907930,1.0,DENV
SRR8907931,1.0,DENV
SRR8907932,0.8673073721239337,DENV
SRR8907933,1.0,DENV
SRR8907934,1.0,DENV
SRR8907935,0.7080571958338042,DENV
SRR8907936,0.7192200532032702,DENV
SRR8907937,0.19516080836981808,Naive
SRR8907938,0.19536496045640395,Naive
SRR8907939,0.0,Naive
SRR8907940,0.0,Naive
SRR8907941,0.0,Naive
SRR8907942,0.1404895712769027,Naive
SRR8907943,0.13736451905193395,Naive
SRR8907944,0.0,Naive
SRR8907945,0.13832612503926958,Naive
SRR8907946,0.13965190153885745,Naive
SRR8907947,0.0,Naive
SRR8907948,0.0,Naive
SRR8907949,0.3158269072926395,Naive
SRR8907950,0.31453598859902787,Naive
SRR8907951,0.3101803394164131,Naive
SRR8907952,1.0,DENV
SRR8907953,1.0,DENV
SRR8907954,1.0,DENV
SRR8907955,1.0,DENV
SRR8907956,1.0,DENV
SRR8907957,1.0,DENV
SRR8907958,1.0,DENV
SRR8907959,1.0,DENV
SRR8907960,1.0,DENV
SRR8907961,1.0,DENV
SRR8907962,0.4629212196118791,Naive
SRR8907963,0.7318096364506245,DENV
SRR8907964,0.0,Naive
SRR8907965,0.0,Naive
SRR8907966,0.0,Naive
SRR8907967,0.0,Naive
SRR8907968,0.0,Naive
SRR8907969,0.0,Naive
SRR8907970,0.0,Naive
SRR8907971,0.0,Naive
SRR8907972,0.13035485760008533,Naive
SRR8907973,0.28073136207779287,Naive
SRR8907974,0.2632506869826873,Naive
SRR8907975,0.4015808711994111,Naive
SRR8907976,0.0,Naive
SRR8907977,0.0,Naive
SRR8907978,0.0,Naive
SRR8907979,0.0,Naive
SRR8907980,0.0,Naive
SRR8907981,0.0,Naive
SRR8907982,0.0,Naive
SRR8907983,0.0,Naive
SRR8907984,0.14102070752930237,Naive
SRR8907985,0.14056396164307475,Naive
SRR8907986,0.4043727778163849,Naive
SRR8907987,0.14745444544488062,Naive
SRR8907988,0.5387032367891266,DENV
SRR8907989,0.8411410665938609,DENV
SRR8907990,0.716067364521597,DENV
SRR8907991,0.8568903889186157,DENV
SRR8907992,1.0,DENV
SRR8907993,1.0,DENV
SRR8907994,1.0,DENV
SRR8907995,1.0,DENV
SRR8907996,1.0,DENV
SRR8907997,1.0,DENV
SRR8907998,1.0,DENV
SRR8907999,1.0,DENV
SRR8908000,0.683603940506281,DENV
SRR8908001,0.6853521803070268,DENV
SRR8908002,0.4710446708589362,Naive
SRR8908003,0.4731638709829697,Naive
SRR8908004,0.31531374283875596,Naive
SRR8908005,0.31356779153753467,Naive
SRR8908006,0.0,Naive
SRR8908007,0.3194952768245986,Naive
SRR8908008,0.0,Naive
SRR8908009,0.0,Naive
SRR8908010,0.3139970279837136,Naive
SRR8908011,0.32105771017147317,Naive
SRR8908012,0.6062352796756983,DENV
SRR8908013,0.6078617469098533,DENV
SRR8908014,0.0,Naive
SRR8908015,0.1263314186662205,Naive
SRR8908016,0.0,Naive
SRR8908017,0.1572211985001232,Naive
SRR8908018,0.3286656203939827,Naive
SRR8908019,0.1579820280282655,Naive
SRR8908020,0.0,Naive
SRR8908021,0.0,Naive
SRR8908022,0.0,Naive
SRR8908023,0.324403737072907,Naive
SRR8908024,0.2844885214746634,Naive
SRR8908025,0.42840035444238106,Naive
SRR8908026,0.3882637329534866,Naive
SRR8908027,0.5168315051064464,DENV
SRR8908028,0.0,Naive
SRR8908029,0.0,Naive
SRR8908030,0.0,Naive
SRR8908031,0.0,Naive
SRR8908032,0.0,Naive
SRR8908033,0.0,Naive
SRR8908034,0.0,Naive
SRR8908035,0.0,Naive
SRR8908036,0.5742182940362395,DENV
SRR8908037,0.3084781510843395,Naive
SRR8908038,0.39716744172169666,Naive
SRR8908039,0.4029117764656249,Naive
SRR8908040,1.0,DENV
SRR8908041,1.0,DENV
SRR8908042,1.0,DENV
SRR8908043,1.0,DENV
SRR8908044,1.0,DENV
SRR8908045,1.0,DENV
SRR8908046,1.0,DENV
SRR8908047,1.0,DENV
SRR8908048,0.8481121050375137,DENV
SRR8908049,0.8505909063072661,DENV
SRR8908050,0.5957737296941354,DENV
SRR8908051,0.3994862469329168,Naive
SRR8908052,0.0,Naive
SRR8908053,0.0,Naive
SRR8908054,0.0,Naive
SRR8908055,0.0,Naive
SRR8908056,0.0,Naive
SRR8908057,0.0,Naive
SRR8908058,0.0,Naive
SRR8908059,0.0,Naive
SRR8908060,0.0,Naive
SRR8908061,0.0,Naive
SRR8908062,0.0,Naive
SRR8908063,0.0,Naive
SRR8908064,1.0,DENV
SRR8908065,1.0,DENV
SRR8908066,0.86525819320189,DENV
SRR8908067,1.0,DENV
SRR8908068,0.8683120194105729,DENV
SRR8908069,1.0,DENV
SRR8908070,0.8645805658019415,DENV
SRR8908071,0.8692868972192025,DENV
SRR8908072,0.6753569287909523,DENV
SRR8908073,0.8554412911538984,DENV
SRR8908074,0.4928060582391496,Naive
SRR8908075,0.48306123160070774,Naive
SRR8908076,1.0,DENV
SRR8908077,1.0,DENV
SRR8908078,0.7036983867879949,DENV
SRR8908079,0.7023420652547824,DENV
SRR8908080,0.7041725188542548,DENV
SRR8908081,0.7094215882039602,DENV
SRR8908082,0.7036253062973211,DENV
SRR8908083,1.0,DENV
SRR8908084,0.850022036249986,DENV
SRR8908085,0.8524945773640525,DENV
SRR8908086,0.43717623604684985,Naive
SRR8908087,0.6233968702001619,DENV
SRR8908088,0.8579639378096324,DENV
SRR8908089,1.0,DENV
SRR8908090,0.8593214175119449,DENV
SRR8908091,0.8600339411013943,DENV
SRR8908092,0.8591296893920936,DENV
SRR8908093,1.0,DENV
SRR8908094,0.7198959824974774,DENV
SRR8908095,1.0,DENV
SRR8908096,0.5977876721348917,DENV
SRR8908097,0.6025101100066586,DENV
SRR8908098,0.7468549723915077,DENV
SRR8908099,0.505282509531111,DENV
SRR8908100,0.15084652632370815,Naive
SRR8908101,0.1477173259322528,Naive
SRR8908102,0.0,Naive
SRR8908103,0.1499514006456825,Naive
SRR8908104,0.0,Naive
SRR8908105,0.14796937994434595,Naive
SRR8908106,0.0,Naive
SRR8908107,0.15637807186471764,Naive
SRR8908108,0.47807012702034385,Naive
SRR8908109,0.48222561313896983,Naive
SRR8908110,0.13224711157681646,Naive
SRR8908111,0.0,Naive
SRR8908112,1.0,DENV
SRR8908113,1.0,DENV
SRR8908114,1.0,DENV
SRR8908115,0.8563328081458863,DENV
SRR8908116,1.0,DENV
SRR8908117,1.0,DENV
SRR8908118,1.0,DENV
SRR8908119,0.8527135931000867,DENV
SRR8908120,0.5789695237695915,DENV
SRR8908121,0.5777938903983144,DENV
SRR8908122,0.5853628664843542,DENV
SRR8908123,0.8600154442995778,DENV
SRR8908124,1.0,DENV
SRR8908125,1.0,DENV
SRR8908126,1.0,DENV
SRR8908127,1.0,DENV
SRR8908128,1.0,DENV
SRR8908129,1.0,DENV
SRR8908130,1.0,DENV
SRR8908131,1.0,DENV
SRR8908132,0.3963594654929206,Naive
SRR8908133,0.39427468646361935,Naive
SRR8908134,1.0,DENV
SRR8908135,0.8576732776262034,DENV
SRR8908136,0.12559400278985075,Naive
SRR8908137,0.0,Naive
SRR8908138,0.0,Naive
SRR8908139,0.0,Naive
SRR8908140,0.0,Naive
SRR8908141,0.0,Naive
SRR8908142,0.0,Naive
SRR8908143,0.0,Naive
SRR8908144,0.4396044277348037,Naive
SRR8908145,0.43763597663587384,Naive
SRR8908146,1.0,DENV
SRR8908147,1.0,DENV
SRR8908148,1.0,DENV
SRR8908149,1.0,DENV
SRR8908150,1.0,DENV
SRR8908151,0.6733506477037524,DENV
SRR8908152,0.6797366565509614,DENV
SRR8908153,0.6737634735533902,DENV
SRR8908154,0.8432437769887552,DENV
SRR8908155,0.673190327079993,DENV
SRR8908156,0.5545502155982185,DENV
SRR8908157,0.5248283054184942,DENV
SRR8908158,0.3909766175235854,Naive
SRR8908159,0.20685801938873175,Naive
SRR8908160,1.0,DENV
SRR8908161,0.8691525421229166,DENV
SRR8908162,0.8791882551227331,DENV
SRR8908163,0.8704721374221838,DENV
SRR8908164,1.0,DENV
SRR8908165,1.0,DENV
SRR8908166,1.0,DENV
SRR8908167,0.8744552130871787,DENV
SRR8908168,0.38338610177873333,Naive
SRR8908169,0.5305270145198052,DENV
SRR8908170,0.0,Naive
SRR8908171,0.19755327494421934,Naive
SRR8908172,0.0,Naive
SRR8908173,0.0,Naive
SRR8908174,0.0,Naive
SRR8908175,0.0,Naive
SRR8908176,0.0,Naive
SRR8908177,0.0,Naive
SRR8908178,0.0,Naive
SRR8908179,0.0,Naive
SRR8908180,0.0,Naive
SRR8908181,0.0,Naive
SRR8908182,0.2717708945086584,Naive
SRR8908183,0.2816918517286278,Naive
SRR8908184,0.0,Naive
SRR8908185,0.0,Naive
SRR8908186,0.0,Naive
SRR8908187,0.0,Naive
SRR8908188,0.0,Naive
SRR8908189,0.0,Naive
SRR8908190,0.0,Naive
SRR8908191,0.0,Naive
SRR8908192,0.6053335813860011,DENV
SRR8908193,0.5957277859911313,DENV
SRR8908194,0.12883872336029215,Naive
SRR8908195,0.0,Naive
SRR8908196,0.0,Naive
SRR8908197,0.0,Naive
SRR8908198,0.0,Naive
SRR8908199,0.10118701202706565,Naive
SRR8908200,0.09980181562148431,Naive
SRR8908201,0.09851520312994197,Naive
SRR8908202,0.0,Naive
SRR8908203,0.0,Naive
SRR8908204,1.0,DENV
SRR8908205,1.0,DENV
SRR8908206,0.3088733632051889,Naive
SRR8908207,0.15981901662273781,Naive
SRR8908208,0.6815093836874951,DENV
SRR8908209,0.6739807725693056,DENV
SRR8908210,0.6893190183708648,DENV
SRR8908211,1.0,DENV
SRR8908212,1.0,DENV
SRR8908213,0.6826078009145726,DENV
SRR8908214,0.6930056653129764,DENV
SRR8908215,1.0,DENV
SRR8908216,0.8356330429164943,DENV
SRR8908217,0.3621481765557879,Naive
SRR8908218,0.6025159273477906,DENV
SRR8908219,0.7935937600060333,DENV
SRR8908220,1.0,DENV
SRR8908221,1.0,DENV
SRR8908222,1.0,DENV
SRR8908223,1.0,DENV
SRR8908224,1.0,DENV
SRR8908225,1.0,DENV
SRR8908226,1.0,DENV
SRR8908227,1.0,DENV
SRR8908228,0.3844285802940997,Naive
SRR8908229,0.3927727544815828,Naive
SRR8908230,0.3899192104504669,Naive
SRR8908231,0.19744615346758027,Naive
SRR8908232,1.0,DENV
SRR8908233,1.0,DENV
SRR8908234,1.0,DENV
SRR8908235,1.0,DENV
SRR8908236,1.0,DENV
SRR8908237,1.0,DENV
SRR8908238,1.0,DENV
SRR8908239,1.0,DENV
SRR8908240,1.0,DENV
SRR8908241,1.0,DENV
SRR8908242,0.40449475814646313,Naive
SRR8908243,0.42247918605063545,Naive
SRR8908244,0.12033993033221664,Naive
SRR8908245,0.0,Naive
SRR8908246,0.0,Naive
SRR8908247,0.12164975184984805,Naive
SRR8908248,0.1186569790628459,Naive
SRR8908249,0.0,Naive
SRR8908250,0.0,Naive
SRR8908251,0.12226135603563587,Naive
SRR8908252,0.0,Naive
SRR8908253,0.13939427479731337,Naive
SRR8908254,0.14286088941864417,Naive
SRR8908255,0.0,Naive
SRR8908256,0.8585436431743442,DENV
SRR8908257,0.8555178233131753,DENV
SRR8908258,0.8609804462218237,DENV
SRR8908259,1.0,DENV
SRR8908260,1.0,DENV
SRR8908261,0.8617245491872504,DENV
SRR8908262,1.0,DENV
SRR8908263,1.0,DENV
SRR8908264,0.847978169712082,DENV
SRR8908265,0.8446181141476617,DENV
SRR8908266,0.7119695925189546,DENV
SRR8908267,0.8580368615179088,DENV
SRR8908268,0.15054249873190403,Naive
SRR8908269,0.0,Naive
SRR8908270,0.0,Naive
SRR8908271,0.15687109133898786,Naive
SRR8908272,0.14958642931303667,Naive
SRR8908273,0.0,Naive
SRR8908274,0.0,Naive
SRR8908275,0.15585020438884917,Naive
SRR8908276,0.0,Naive
SRR8908277,0.13496985971979208,Naive
SRR8908278,0.5790400661917516,DENV
SRR8908279,0.5808465760898955,DENV
SRR8908280,1.0,DENV
SRR8908281,1.0,DENV
SRR8908282,1.0,DENV
SRR8908283,1.0,DENV
SRR8908284,1.0,DENV
SRR8908285,1.0,DENV
SRR8908286,1.0,DENV
SRR8908287,1.0,DENV
SRR8908288,0.5554591630149954,DENV
SRR8908289,0.40787464932515166,Naive
SRR8908290,0.7998392867829699,DENV
SRR8908291,0.8014974198106841,DENV
SRR8908292,1.0,DENV
SRR8908293,1.0,DENV
SRR8908294,1.0,DENV
SRR8908295,1.0,DENV
SRR8908296,1.0,DENV
SRR8908297,1.0,DENV
SRR8908298,1.0,DENV
SRR8908299,1.0,DENV
SRR8908300,0.6950808170388936,DENV
SRR8908301,0.5419858389155534,DENV
SRR8908302,0.870701434655698,DENV
SRR8908303,0.870446070056443,DENV
SRR8908304,1.0,DENV
SRR8908305,0.8435786255181941,DENV
SRR8908306,0.8287097743950523,DENV
SRR8908307,0.673348109957413,DENV
SRR8908308,0.827710403577168,DENV
SRR8908309,0.6726138752117918,DENV
SRR8908310,1.0,DENV
SRR8908311,0.6712370456952623,DENV
SRR8908312,0.5606433604888594,DENV
SRR8908313,0.6978373867644797,DENV
SRR8908314,0.7245372636911992,DENV
SRR8908315,0.606256869393032,DENV
SRR8908316,1.0,DENV
SRR8908317,0.8525847026837262,DENV
SRR8908318,1.0,DENV
SRR8908319,0.8525907352479117,DENV
SRR8908320,0.8487710513106771,DENV
SRR8908321,1.0,DENV
SRR8908322,0.8516414939542857,DENV
SRR8908323,1.0,DENV
SRR8908324,0.19376284091157658,Naive
SRR8908325,0.1895512210830043,Naive
SRR8908326,0.7050798311034706,DENV
SRR8908327,0.5720315003923787,DENV
SRR8908328,1.0,DENV
SRR8908329,1.0,DENV
SRR8908330,1.0,DENV
SRR8908331,1.0,DENV
SRR8908332,1.0,DENV
SRR8908333,1.0,DENV
SRR8908334,0.8626436422828205,DENV
SRR8908335,1.0,DENV
SRR8908336,0.3964184217777625,Naive
SRR8908337,0.6878447797885598,DENV
SRR8908338,0.5873513920670326,DENV
SRR8908339,0.5855748103174685,DENV
SRR8908340,0.6951763389752699,DENV
SRR8908341,0.6942620728759463,DENV
SRR8908342,1.0,DENV
SRR8908343,1.0,DENV
SRR8908344,0.6991360491902665,DENV
SRR8908345,1.0,DENV
SRR8908346,0.6971564954188884,DENV
SRR8908347,0.6916374896963029,DENV
SRR8908348,0.8396441770844401,DENV
SRR8908349,0.6929663818442505,DENV
SRR8908350,0.40369924673706065,Naive
SRR8908351,0.41195389866167503,Naive
SRR8908352,0.0,Naive
SRR8908353,0.0,Naive
SRR8908354,0.0,Naive
SRR8908355,0.0,Naive
SRR8908356,0.0,Naive
SRR8908357,0.0,Naive
SRR8908358,0.0,Naive
SRR8908359,0.0,Naive
SRR8908360,0.47755443954656684,Naive
SRR8908361,0.46907998262393863,Naive
SRR8908362,0.42481618309781266,Naive
SRR8908363,0.2820607273899626,Naive
SRR8908364,0.0,Naive
SRR8908365,0.0,Naive
SRR8908366,0.0,Naive
SRR8908367,0.0,Naive
SRR8908368,0.0,Naive
SRR8908369,0.0,Naive
SRR8908370,0.0,Naive
SRR8908371,0.0,Naive
SRR8908372,0.45587264694270085,Naive
SRR8908373,0.30481876882297304,Naive
SRR8908374,0.588724818107603,DENV
SRR8908375,0.2958039522489846,Naive
SRR8908376,0.8789900445335925,DENV
SRR8908377,1.0,DENV
SRR8908378,0.7011072808038514,DENV
SRR8908379,0.6959414057931262,DENV
SRR8908380,0.3208990869907594,Naive
SRR8908381,0.31844757091678444,Naive
SRR8908382,0.3246949670599464,Naive
SRR8908383,0.0,Naive
SRR8908384,0.0,Naive
SRR8908385,0.314710830937999,Naive
SRR8908386,0.31879847115876686,Naive
SRR8908387,0.0,Naive
SRR8908388,0.41653675051773215,Naive
SRR8908389,0.28291705440414283,Naive
SRR8908390,0.392402699521635,Naive
SRR8908391,0.3889316184680407,Naive
SRR8908392,1.0,DENV
SRR8908393,0.867032750887088,DENV
SRR8908394,1.0,DENV
SRR8908395,1.0,DENV
SRR8908396,1.0,DENV
SRR8908397,1.0,DENV
SRR8908398,1.0,DENV
SRR8908399,1.0,DENV
SRR8908400,0.40981847455576736,Naive
SRR8908401,0.40103580949916323,Naive
SRR8908402,0.6273916844091402,DENV
SRR8908403,0.45091336589988107,Naive
SRR8908404,0.0,Naive
SRR8908405,0.0,Naive
SRR8908406,0.0,Naive
SRR8908407,0.0,Naive
SRR8908408,0.0,Naive
SRR8908409,0.0,Naive
SRR8908410,0.0,Naive
SRR8908411,0.0,Naive
SRR8908412,0.8039510631741956,DENV
SRR8908413,0.8022964143403535,DENV
SRR8908414,0.19434187279000997,Naive
SRR8908415,0.39178436277472417,Naive
SRR8908416,0.0,Naive
SRR8908417,0.0,Naive
SRR8908418,0.0,Naive
SRR8908419,0.0,Naive
SRR8908420,0.0,Naive
SRR8908421,0.0,Naive
SRR8908422,0.0,Naive
SRR8908423,0.0,Naive
SRR8908424,0.2824050784760923,Naive
SRR8908425,0.28084396899112946,Naive
SRR8908426,0.408442465188125,Naive
SRR8908427,0.40838913550825134,Naive
SRR8908428,1.0,DENV
SRR8908429,1.0,DENV
SRR8908430,1.0,DENV
SRR8908431,1.0,DENV
SRR8908432,1.0,DENV
SRR8908433,1.0,DENV
SRR8908434,1.0,DENV
SRR8908435,1.0,DENV
SRR8908436,0.4911469925686466,Naive
SRR8908437,0.6556067182060594,DENV
SRR8908438,0.8864346301010337,DENV
SRR8908439,0.7733595698973975,DENV
SRR8908440,0.7058561618191941,DENV
SRR8908441,0.7027045562786209,DENV
SRR8908442,1.0,DENV
SRR8908443,1.0,DENV
SRR8908444,0.6966125186458605,DENV
SRR8908445,0.704485524816187,DENV
SRR8908446,0.709538237790106,DENV
SRR8908447,1.0,DENV
SRR8908448,0.4034568508353615,Naive
SRR8908449,0.589016255386577,DENV
SRR8908450,1.0,DENV
SRR8908451,1.0,DENV
SRR8908452,0.0,Naive
SRR8908453,0.0,Naive
SRR8908454,0.0,Naive
SRR8908455,0.0,Naive
SRR8908456,0.0,Naive
SRR8908457,0.0,Naive
SRR8908458,0.0,Naive
SRR8908459,0.0,Naive
SRR8908460,0.2105672276121998,Naive
SRR8908461,0.2060854626390124,Naive
SRR8908462,0.22105341209076157,Naive
SRR8908463,0.2241914195148225,Naive
SRR8908464,0.0,Naive
SRR8908465,0.0,Naive
SRR8908466,0.0,Naive
SRR8908467,0.0,Naive
SRR8908468,0.0,Naive
SRR8908469,0.0,Naive
SRR8908470,0.0,Naive
SRR8908471,0.0,Naive
SRR8908472,0.0,Naive
SRR8908473,0.3080078934870897,Naive
SRR8908474,0.5153195467451017,DENV
SRR8908475,0.2655517657736138,Naive
SRR8908476,0.0,Naive
SRR8908477,0.0,Naive
SRR8908478,0.0,Naive
SRR8908479,0.0,Naive
SRR8908480,0.0,Naive
SRR8908481,0.0,Naive
SRR8908482,0.0,Naive
SRR8908483,0.0,Naive
SRR8908484,0.1428227485156755,Naive
SRR8908485,0.0,Naive
SRR8908486,0.0,Naive
SRR8908487,0.0,Naive
SRR8908488,0.7139127594335285,DENV
SRR8908489,0.5644730064762224,DENV
SRR8908490,0.8525278095505566,DENV
SRR8908491,0.8529255141508318,DENV
SRR8908492,0.0,Naive
SRR8908493,0.0,Naive
SRR8908494,0.0,Naive
SRR8908495,0.0,Naive
SRR8908496,0.0,Naive
SRR8908497,0.0,Naive
SRR8908498,0.0,Naive
SRR8908499,0.0,Naive
SRR8908500,1.0,DENV
SRR8908501,1.0,DENV
SRR8908502,0.40757675917640573,Naive
SRR8908503,0.4016695050812959,Naive
SRR8908504,0.0,Naive
SRR8908505,0.0,Naive
SRR8908506,0.0,Naive
SRR8908507,0.0,Naive
SRR8908508,0.0,Naive
SRR8908509,0.0,Naive
SRR8908510,0.0,Naive
SRR8908511,0.0,Naive
SRR8908512,0.3038223639126932,Naive
SRR8908513,0.4552974072570924,Naive
SRR8908514,0.2798813785993418,Naive
SRR8908515,0.29270387777153883,Naive
SRR8908516,0.13353479979728453,Naive
SRR8908517,0.13629083396028283,Naive
SRR8908518,0.0,Naive
SRR8908519,0.0,Naive
SRR8908520,0.0,Naive
SRR8908521,0.0,Naive
SRR8908522,0.1348441994668346,Naive
SRR8908523,0.13939383924091542,Naive
SRR8908524,0.5094886627462208,DENV
SRR8908525,0.5162229290660981,DENV
SRR8908526,0.12705156790557834,Naive
SRR8908527,0.25800716379092586,Naive
SRR8908528,0.0,Naive
SRR8908529,0.0,Naive
SRR8908530,0.0,Naive
SRR8908531,0.0,Naive
SRR8908532,0.0,Naive
SRR8908533,0.0,Naive
SRR8908534,0.0,Naive
SRR8908535,0.0,Naive
SRR8908536,0.5963206997266401,DENV
SRR8908537,0.6021037900579763,DENV
SRR8908538,0.28527592672708757,Naive
SRR8908539,0.26590077331643847,Naive
SRR8908540,0.0,Naive
SRR8908541,0.0,Naive
SRR8908542,0.0,Naive
SRR8908543,0.0,Naive
SRR8908544,0.0,Naive
SRR8908545,0.0,Naive
SRR8908546,0.0,Naive
SRR8908547,0.0,Naive
SRR8908548,0.3027814049373853,Naive
SRR8908549,0.3032383439042562,Naive
SRR8908550,0.8042139608343446,DENV
SRR8908551,0.8025400684138442,DENV
SRR8908552,0.0,Naive
SRR8908553,0.0,Naive
SRR8908554,0.0,Naive
SRR8908555,0.0,Naive
SRR8908556,0.0,Naive
SRR8908557,0.0,Naive
SRR8908558,0.0,Naive
SRR8908559,0.0,Naive
SRR8908560,0.6046457658740219,DENV
SRR8908561,0.5928826592194184,DENV
SRR8908562,0.12642586035332734,Naive
SRR8908563,0.0,Naive
SRR8908564,0.8422778392738443,DENV
SRR8908565,0.8494384168926707,DENV
SRR8908566,1.0,DENV
SRR8908567,0.8455448677411083,DENV
SRR8908568,1.0,DENV
SRR8908569,0.8494586530026982,DENV
SRR8908570,1.0,DENV
SRR8908571,1.0,DENV
SRR8908572,0.19100101197094854,Naive
SRR8908573,0.18477811757159843,Naive
SRR8908574,0.1891685987613665,Naive
SRR8908575,0.0,Naive
SRR8908576,1.0,DENV
SRR8908577,1.0,DENV
SRR8908578,1.0,DENV
SRR8908579,1.0,DENV
SRR8908580,1.0,DENV
SRR8908581,1.0,DENV
SRR8908582,1.0,DENV
SRR8908583,1.0,DENV
SRR8908584,0.8532535639198752,DENV
SRR8908585,0.8556822937798476,DENV
SRR8908586,0.1986657347871385,Naive
SRR8908587,0.1975807481475303,Naive
SRR8908588,1.0,DENV
SRR8908589,1.0,DENV
SRR8908590,1.0,DENV
SRR8908591,1.0,DENV
SRR8908592,1.0,DENV
SRR8908593,1.0,DENV
SRR8908594,1.0,DENV
SRR8908595,1.0,DENV
SRR8908596,0.6799150748819854,DENV
SRR8908597,0.8411456966661663,DENV
SRR8908598,0.43557613131313055,Naive
SRR8908599,0.4434191551156781,Naive
SRR8908600,0.5814931005936876,DENV
SRR8908601,0.5870116953033798,DENV
SRR8908602,0.7487037679396759,DENV
SRR8908603,0.7468486390243216,DENV
SRR8908604,0.0,Naive
SRR8908605,0.0,Naive
SRR8908606,0.0,Naive
SRR8908607,0.0,Naive
SRR8908608,0.0,Naive
SRR8908609,0.0,Naive
SRR8908610,0.0,Naive
SRR8908611,0.0,Naive
SRR8908612,0.20718836995622844,Naive
SRR8908613,0.20954698433421634,Naive
SRR8908614,0.13898578750760823,Naive
SRR8908615,0.0,Naive
SRR8908616,0.0,Naive
SRR8908617,0.0,Naive
SRR8908618,0.0,Naive
SRR8908619,0.0,Naive
SRR8908620,0.0,Naive
SRR8908621,0.0,Naive
SRR8908622,0.0,Naive
SRR8908623,0.0,Naive
SRR8908624,0.12562881947026316,Naive
SRR8908625,0.0,Naive
SRR8908626,0.1388117711622636,Naive
SRR8908627,0.13822147754097658,Naive
SRR8908628,0.0,Naive
SRR8908629,0.15614500095977582,Naive
SRR8908630,0.1556449915249959,Naive
SRR8908631,0.150643249001215,Naive
SRR8908632,0.0,Naive
SRR8908633,0.1517233668467009,Naive
SRR8908634,0.0,Naive
SRR8908635,0.0,Naive
SRR8908636,0.1479828055743192,Naive
SRR8908637,0.297072515681067,Naive
SRR8908638,0.0,Naive
SRR8908639,0.0,Naive
SRR8908640,0.13054250042456206,Naive
SRR8908641,0.1361682757384133,Naive
SRR8908642,0.1348624488915168,Naive
SRR8908643,0.0,Naive
SRR8908644,0.0,Naive
SRR8908645,0.0,Naive
SRR8908646,0.0,Naive
SRR8908647,0.13556361696205743,Naive
SRR8908648,0.2892566399591513,Naive
SRR8908649,0.43754712579816246,Naive
SRR8908650,0.2991499259770762,Naive
SRR8908651,0.29577863502680457,Naive
SRR8908652,0.1545564107802309,Naive
SRR8908653,0.0,Naive
SRR8908654,0.16027203527767814,Naive
SRR8908655,0.0,Naive
SRR8908656,0.1554886115078598,Naive
SRR8908657,0.15822640945319072,Naive
SRR8908658,0.0,Naive
SRR8908659,0.15683300125312288,Naive
SRR8908660,0.807065655535532,DENV
SRR8908661,0.6227660398119097,DENV
SRR8908662,0.2689438626068901,Naive
SRR8908663,0.13640784875554157,Naive
SRR8908664,1.0,DENV
SRR8908665,1.0,DENV
SRR8908666,1.0,DENV
SRR8908667,1.0,DENV
SRR8908668,1.0,DENV
SRR8908669,1.0,DENV
SRR8908670,1.0,DENV
SRR8908671,1.0,DENV
SRR8908672,0.8722264823935441,DENV
SRR8908673,0.7203156699472562,DENV
SRR8908674,0.0,Naive
SRR8908675,0.0,Naive
SRR8908676,0.0,Naive
SRR8908677,0.0,Naive
SRR8908678,0.0,Naive
SRR8908679,0.0,Naive
SRR8908680,0.0,Naive
SRR8908681,0.0,Naive
SRR8908682,0.0,Naive
SRR8908683,0.0,Naive
SRR8908684,0.46097297682569255,Naive
SRR8908685,0.3155143442579407,Naive
SRR8908686,0.15886690006874823,Naive
SRR8908687,0.0,Naive
SRR8908688,0.0,Naive
SRR8908689,0.0,Naive
SRR8908690,0.0,Naive
SRR8908691,0.0,Naive
SRR8908692,0.0,Naive
SRR8908693,0.0,Naive
SRR8908694,0.0,Naive
SRR8908695,0.0,Naive
SRR8908696,0.0,Naive
SRR8908697,0.0,Naive
SRR8908698,0.18403668621398867,Naive
SRR8908699,0.18580774748286757,Naive
SRR8908700,0.8648759648894351,DENV
SRR8908701,1.0,DENV
SRR8908702,0.8621768685290261,DENV
SRR8908703,1.0,DENV
SRR8908704,1.0,DENV
SRR8908705,0.8620661891444519,DENV
SRR8908706,0.8576515571471826,DENV
SRR8908707,1.0,DENV
SRR8908708,0.853831968838617,DENV
SRR8908709,0.6704499849286746,DENV
SRR8908710,1.0,DENV
SRR8908711,0.8620991349139355,DENV
SRR8908712,0.0,Naive
SRR8908713,0.0,Naive
SRR8908714,0.0,Naive
SRR8908715,0.0,Naive
SRR8908716,0.0,Naive
SRR8908717,0.0,Naive
SRR8908718,0.0,Naive
SRR8908719,0.0,Naive
SRR8908720,0.41432860437062663,Naive
SRR8908721,0.4129613296318186,Naive
SRR8908722,0.5815635946702219,DENV
SRR8908723,0.58083595380242,DENV
SRR8908724,1.0,DENV
SRR8908725,1.0,DENV
SRR8908726,1.0,DENV
SRR8908727,1.0,DENV
SRR8908728,1.0,DENV
SRR8908729,1.0,DENV
SRR8908730,1.0,DENV
SRR8908731,1.0,DENV
SRR8908732,0.6177837958292225,DENV
SRR8908733,0.6114628617739605,DENV
SRR8908734,0.595395455386361,DENV
SRR8908735,0.5990878239823434,DENV
SRR8908736,0.7140118366542161,DENV
SRR8908737,0.7142193968447068,DENV
SRR8908738,0.47870483660729485,Naive
SRR8908739,0.4736657190095733,Naive
SRR8908740,0.8570120511390142,DENV
SRR8908741,1.0,DENV
SRR8908742,0.8562408968370622,DENV
SRR8908743,0.8564329972834668,DENV
SRR8908744,1.0,DENV
SRR8908745,0.7295958021990857,DENV
SRR8908746,1.0,DENV
SRR8908747,0.8634139623799143,DENV
SRR8908748,0.7309069138119908,DENV
SRR8908749,0.8568459239589395,DENV
SRR8908750,1.0,DENV
SRR8908751,1.0,DENV
SRR8908752,0.0,Naive
SRR8908753,0.13967766643774,Naive
SRR8908754,0.0,Naive
SRR8908755,0.0,Naive
SRR8908756,0.1303627263432217,Naive
SRR8908757,0.0,Naive
SRR8908758,0.13183160580217465,Naive
SRR8908759,0.13517163410551883,Naive
SRR8908760,0.4706042960268065,Naive
SRR8908761,0.4706934769333333,Naive
SRR8908762,0.2597113197921508,Naive
SRR8908763,0.1329684679871591,Naive
SRR8908764,0.0,Naive
SRR8908765,0.0,Naive
SRR8908766,0.0,Naive
SRR8908767,0.0,Naive
SRR8908768,0.0,Naive
SRR8908769,0.0,Naive
SRR8908770,0.14740929750919546,Naive
SRR8908771,0.0,Naive
SRR8908772,0.8151717524110631,DENV
SRR8908773,1.0,DENV
SRR8908774,0.137116379911692,Naive
SRR8908775,0.560640078500054,DENV
SRR8908776,1.0,DENV
SRR8908777,1.0,DENV
SRR8908778,1.0,DENV
SRR8908779,1.0,DENV
SRR8908780,1.0,DENV
SRR8908781,0.8582153464532575,DENV
SRR8908782,1.0,DENV
SRR8908783,1.0,DENV
SRR8908784,0.5518155940861073,DENV
SRR8908785,0.7010722261832805,DENV
SRR8908786,0.7181210365690418,DENV
SRR8908787,0.7204187491824228,DENV
SRR8908788,1.0,DENV
SRR8908789,1.0,DENV
SRR8908790,1.0,DENV
SRR8908791,1.0,DENV
SRR8908792,1.0,DENV
SRR8908793,1.0,DENV
SRR8908794,1.0,DENV
SRR8908795,1.0,DENV
SRR8908796,0.40867215622231035,Naive
SRR8908797,0.4058751181686787,Naive
SRR8908798,1.0,DENV
SRR8908799,1.0,DENV
SRR8908800,0.0,Naive
SRR8908801,0.0,Naive
SRR8908802,0.0,Naive
SRR8908803,0.0,Naive
SRR8908804,0.0,Naive
SRR8908805,0.0,Naive
SRR8908806,0.0,Naive
SRR8908807,0.0,Naive
SRR8908808,0.3011709684776977,Naive
SRR8908809,0.0,Naive
SRR8908810,0.14180951946347217,Naive
SRR8908811,0.14015720193174855,Naive
SRR8908812,0.0,Naive
SRR8908813,0.0,Naive
SRR8908814,0.0,Naive
SRR8908815,0.0,Naive
SRR8908816,0.0,Naive
SRR8908817,0.0,Naive
SRR8908818,0.0,Naive
SRR8908819,0.0,Naive
SRR8908820,0.4560483311521471,Naive
SRR8908821,0.3051587652587091,Naive
SRR8908822,0.5198224558084643,DENV
SRR8908823,0.26554808863895046,Naive
SRR8908824,0.0,Naive
SRR8908825,0.0,Naive
SRR8908826,0.0,Naive
SRR8908827,0.0,Naive
SRR8908828,0.0,Naive
SRR8908829,0.0,Naive
SRR8908830,0.0,Naive
SRR8908831,0.0,Naive
SRR8908832,0.164855244767663,Naive
SRR8908833,0.16854253334459326,Naive
SRR8908834,0.265453875544697,Naive
SRR8908835,0.13237789752083684,Naive
SRR8908836,0.0,Naive
SRR8908837,0.0,Naive
SRR8908838,0.0,Naive
SRR8908839,0.13728543061766382,Naive
SRR8908840,0.0,Naive
SRR8908841,0.13929306411332468,Naive
SRR8908842,0.0,Naive
SRR8908843,0.14169169721050182,Naive
SRR8908844,0.6260936651393044,DENV
SRR8908845,0.30672208515006866,Naive
SRR8908846,0.3143858622483532,Naive
SRR8908847,0.2939591098810484,Naive
SRR8908848,0.0,Naive
SRR8908849,0.0,Naive
SRR8908850,0.0,Naive
SRR8908851,0.0,Naive
SRR8908852,0.0,Naive
SRR8908853,0.0,Naive
SRR8908854,0.0,Naive
SRR8908855,0.0,Naive
SRR8908856,0.5788784307109344,DENV
SRR8908857,0.2880295263438414,Naive
SRR8908858,0.5578920700016076,DENV
SRR8908859,0.2742711413478667,Naive
SRR8908860,0.0,Naive
SRR8908861,0.0,Naive
SRR8908862,0.0,Naive
SRR8908863,0.0,Naive
SRR8908864,0.0,Naive
SRR8908865,0.0,Naive
SRR8908866,0.0,Naive
SRR8908867,0.0,Naive
SRR8908868,0.15480112899232332,Naive
SRR8908869,0.15450123613710207,Naive
SRR8908870,0.14651670314635165,Naive
SRR8908871,0.0,Naive
SRR8908872,0.0,Naive
SRR8908873,0.0,Naive
SRR8908874,0.0,Naive
SRR8908875,0.0,Naive
SRR8908876,0.0,Naive
SRR8908877,0.0,Naive
SRR8908878,0.0,Naive
SRR8908879,0.0,Naive
SRR8908880,0.47673539029762807,Naive
SRR8908881,0.6372244316719043,DENV
SRR8908882,0.0,Naive
SRR8908883,0.0,Naive
SRR8908884,1.0,DENV
SRR8908885,1.0,DENV
SRR8908886,1.0,DENV
SRR8908887,1.0,DENV
SRR8908888,1.0,DENV
SRR8908889,1.0,DENV
SRR8908890,1.0,DENV
SRR8908891,1.0,DENV
SRR8908892,0.5920546217810981,DENV
SRR8908893,0.39061507647550536,Naive
SRR8908894,0.6042753551339799,DENV
SRR8908895,0.7886766406054015,DENV
SRR8908896,0.19995580730476759,Naive
SRR8908897,0.1971897250399267,Naive
SRR8908898,0.5152230226616031,DENV
SRR8908899,0.5160528717073295,DENV
