sample_id,true_cluster,predicted_cluster,predicted_correctly,probability_cluster_0,probability_cluster_1,confidence,patient_id,exposure
SRR8908822,1,1,True,9.13686561507675e-06,0.9999908631343849,0.9999908631343849,SRR8908822,naive
SRR8908558,0,0,True,0.9912474710007022,0.008752528999297786,0.9912474710007022,SRR8908558,naive
SRR8908240,0,0,True,0.9720412972072968,0.027958702792703103,0.9720412972072968,SRR8908240,DENV
SRR8908299,0,0,True,0.9991126097452672,0.0008873902547327591,0.9991126097452672,SRR8908299,DENV
SRR8908763,1,1,True,1.4797170005050353e-05,0.9999852028299949,0.9999852028299949,SRR8908763,naive
SRR8908859,1,1,True,0.006543437924842238,0.9934565620751578,0.9934565620751578,SRR8908859,naive
SRR8908100,0,0,True,0.9977250861900941,0.0022749138099057813,0.9977250861900941,SRR8908100,naive
SRR8908599,0,0,True,0.9871875743254895,0.012812425674510583,0.9871875743254895,SRR8908599,DENV
SRR8908861,0,0,True,0.9914385413501252,0.008561458649874612,0.9914385413501252,SRR8908861,naive
SRR8907957,0,0,True,0.9986280170303055,0.0013719829696945212,0.9986280170303055,SRR8907957,DENV
SRR8908402,0,0,True,0.99987006489859,0.00012993510140995508,0.99987006489859,SRR8908402,DENV
SRR8908193,0,0,True,0.9969649215129085,0.0030350784870915217,0.9969649215129085,SRR8908193,naive
SRR8908497,0,0,True,0.9991752259118654,0.0008247740881346041,0.9991752259118654,SRR8908497,naive
SRR8908405,0,0,True,0.9995794993989279,0.0004205006010719573,0.9995794993989279,SRR8908405,naive
SRR8908409,0,0,True,0.9996049329097961,0.0003950670902039993,0.9996049329097961,SRR8908409,naive
SRR8907965,0,0,True,0.9942704933240103,0.005729506675989811,0.9942704933240103,SRR8907965,naive
SRR8907967,0,0,True,0.99470270453219,0.005297295467809982,0.99470270453219,SRR8907967,naive
SRR8908846,0,0,True,0.9998905259397659,0.00010947406023415463,0.9998905259397659,SRR8908846,naive
SRR8908877,0,0,True,0.9996687550297104,0.0003312449702895668,0.9996687550297104,SRR8908877,naive
SRR8908189,0,0,True,0.9997434460392046,0.0002565539607954845,0.9997434460392046,SRR8908189,naive
SRR8907918,1,1,True,0.00950436620139981,0.9904956337985998,0.9904956337985998,SRR8907918,DENV
SRR8908088,0,0,True,0.9965075588730212,0.003492441126978731,0.9965075588730212,SRR8908088,DENV
SRR8908261,0,0,True,0.9996602282994946,0.00033977170050541826,0.9996602282994946,SRR8908261,DENV
SRR8908114,0,0,True,0.9994849483262974,0.000515051673702649,0.9994849483262974,SRR8908114,DENV
SRR8908768,0,0,True,0.9983605685895076,0.0016394314104923272,0.9983605685895076,SRR8908768,naive
SRR8908145,0,0,True,0.9996339157481584,0.0003660842518415549,0.9996339157481584,SRR8908145,naive
SRR8907979,0,0,True,0.9953121352452705,0.004687864754729347,0.9953121352452705,SRR8907979,naive
SRR8907988,0,0,True,0.9999784938028553,2.1506197144681843e-05,0.9999784938028553,SRR8907988,DENV
SRR8908472,0,0,True,0.999959728376777,4.0271623222990116e-05,0.999959728376777,SRR8908472,naive
SRR8908789,0,0,True,0.9994544738766005,0.0005455261233996077,0.9994544738766005,SRR8908789,DENV
SRR8908878,0,0,True,0.9996631176088758,0.0003368823911242309,0.9996631176088758,SRR8908878,naive
SRR8908223,0,0,True,0.992896555113821,0.007103444886179071,0.992896555113821,SRR8908223,DENV
SRR8908135,1,0,False,0.9298560099784884,0.07014399002151152,0.9298560099784884,SRR8908135,DENV
SRR8907946,0,0,True,0.9993722209813211,0.0006277790186788872,0.9993722209813211,SRR8907946,naive
SRR8908804,0,0,True,0.9964764374884589,0.0035235625115410084,0.9964764374884589,SRR8908804,naive
SRR8908221,0,0,True,0.9929450300666954,0.007054969933304562,0.9929450300666954,SRR8908221,DENV
SRR8908745,1,1,True,0.010538972644391593,0.9894610273556084,0.9894610273556084,SRR8908745,DENV
SRR8907975,1,1,True,1.796593081282856e-05,0.9999820340691873,0.9999820340691873,SRR8907975,naive
SRR8908116,0,0,True,0.999474337701229,0.0005256622987709708,0.999474337701229,SRR8908116,DENV
SRR8908267,0,0,True,0.9856523079547402,0.014347692045259756,0.9856523079547402,SRR8908267,DENV
SRR8908636,0,0,True,0.99996324964897,3.6750351030000015e-05,0.99996324964897,SRR8908636,naive
SRR8908591,0,0,True,0.9950288153370114,0.004971184662988715,0.9950288153370114,SRR8908591,DENV
SRR8908895,1,1,True,5.927096561957769e-07,0.9999994072903438,0.9999994072903438,SRR8908895,DENV
SRR8907912,0,0,True,0.9969689674200831,0.003031032579916825,0.9969689674200831,SRR8907912,DENV
SRR8907928,0,0,True,0.9948523974926327,0.005147602507367316,0.9948523974926327,SRR8907928,DENV
SRR8908573,0,0,True,0.9997631109454499,0.00023688905455001454,0.9997631109454499,SRR8908573,DENV
SRR8908678,0,0,True,0.9998492535714301,0.0001507464285699243,0.9998492535714301,SRR8908678,naive
SRR8908759,0,0,True,0.9939935026753532,0.006006497324646839,0.9939935026753532,SRR8908759,naive
SRR8908779,0,0,True,0.9997035772938636,0.0002964227061364159,0.9997035772938636,SRR8908779,DENV
SRR8908092,0,0,True,0.9967418923464207,0.003258107653579291,0.9967418923464207,SRR8908092,DENV
SRR8907955,0,0,True,0.9984015222749131,0.0015984777250870517,0.9984015222749131,SRR8907955,DENV
SRR8908711,0,0,True,0.9971055067710559,0.0028944932289441698,0.9971055067710559,SRR8908711,DENV
SRR8908332,0,0,True,0.9991930540573469,0.0008069459426530927,0.9991930540573469,SRR8908332,DENV
SRR8908191,0,0,True,0.9995668161157572,0.0004331838842428403,0.9995668161157572,SRR8908191,naive
SRR8908775,1,1,True,0.006945421500299325,0.9930545784997006,0.9930545784997006,SRR8908775,naive
SRR8908144,0,0,True,0.9996631053068125,0.00033689469318752275,0.9996631053068125,SRR8908144,naive
SRR8908037,0,0,True,0.9996586784075979,0.0003413215924021304,0.9996586784075979,SRR8908037,naive
SRR8908413,1,1,True,0.12793717854744904,0.8720628214525509,0.8720628214525509,SRR8908413,naive
SRR8908468,0,0,True,0.9877861912450007,0.012213808754999281,0.9877861912450007,SRR8908468,naive
SRR8908047,0,0,True,0.999318353538779,0.0006816464612209118,0.999318353538779,SRR8908047,DENV
SRR8908477,0,0,True,0.9997583347773573,0.00024166522264277264,0.9997583347773573,SRR8908477,naive
SRR8907939,0,0,True,0.9988978392799785,0.0011021607200214928,0.9988978392799785,SRR8907939,naive
SRR8908301,0,0,True,0.9995140065539535,0.0004859934460466306,0.9995140065539535,SRR8908301,DENV
SRR8907933,0,0,True,0.9430109556723436,0.056989044327656294,0.9430109556723436,SRR8907933,DENV
SRR8908812,0,0,True,0.9994930551350422,0.0005069448649578356,0.9994930551350422,SRR8908812,naive
SRR8908259,0,0,True,0.9996559399594528,0.0003440600405472107,0.9996559399594528,SRR8908259,DENV
SRR8908536,0,0,True,0.9999244279008003,7.55720991998188e-05,0.9999244279008003,SRR8908536,naive
SRR8908414,0,0,True,0.9603133625855338,0.03968663741446632,0.9603133625855338,SRR8908414,naive
SRR8908159,1,1,True,1.7704165963276486e-05,0.9999822958340366,0.9999822958340366,SRR8908159,DENV
SRR8908401,0,0,True,0.9999102529993433,8.974700065660272e-05,0.9999102529993433,SRR8908401,DENV
SRR8907884,0,0,True,0.9997463081469229,0.00025369185307716057,0.9997463081469229,SRR8907884,naive
SRR8908437,0,0,True,0.9999445729784352,5.542702156469944e-05,0.9999445729784352,SRR8908437,DENV
SRR8908053,0,0,True,0.9926351785298654,0.007364821470134721,0.9926351785298654,SRR8908053,naive
SRR8908517,0,0,True,0.998005856416453,0.0019941435835470504,0.998005856416453,SRR8908517,naive
SRR8908545,0,0,True,0.9970820413709518,0.0029179586290482575,0.9970820413709518,SRR8908545,naive
SRR8908490,0,0,True,0.9996791851833564,0.0003208148166436064,0.9996791851833564,SRR8908490,DENV
SRR8908175,1,1,True,0.008977442149026606,0.9910225578509734,0.9910225578509734,SRR8908175,naive
SRR8908467,0,0,True,0.9877169328737994,0.012283067126200604,0.9877169328737994,SRR8908467,naive
SRR8908696,0,0,True,0.9998402064483752,0.0001597935516246335,0.9998402064483752,SRR8908696,naive
SRR8908139,0,0,True,0.9796527766553031,0.020347223344697005,0.9796527766553031,SRR8908139,naive
SRR8908185,0,0,True,0.9997569194864739,0.00024308051352619746,0.9997569194864739,SRR8908185,naive
SRR8908373,0,0,True,0.9999882594734436,1.174052655645456e-05,0.9999882594734436,SRR8908373,naive
SRR8908507,0,0,True,0.9993677811432656,0.0006322188567342882,0.9993677811432656,SRR8908507,naive
SRR8908346,0,0,True,0.9991844657420975,0.0008155342579024663,0.9991844657420975,SRR8908346,DENV
SRR8908733,0,0,True,0.985901958292132,0.014098041707867907,0.985901958292132,SRR8908733,DENV
SRR8908356,0,0,True,0.9996595673101933,0.0003404326898067113,0.9996595673101933,SRR8908356,naive
SRR8908123,1,1,True,3.439166623724839e-10,0.9999999996560833,0.9999999996560833,SRR8908123,DENV
SRR8908169,0,0,True,0.9999702493872071,2.975061279284306e-05,0.9999702493872071,SRR8908169,DENV
SRR8908327,1,1,True,3.914239606897847e-08,0.999999960857604,0.999999960857604,SRR8908327,DENV
SRR8908845,0,0,True,0.9999656715426135,3.432845738646714e-05,0.9999656715426135,SRR8908845,naive
SRR8907961,0,0,True,0.9998741546206438,0.00012584537935611895,0.9998741546206438,SRR8907961,DENV
SRR8907944,0,0,True,0.999146234885603,0.0008537651143971718,0.999146234885603,SRR8907944,naive
SRR8908624,0,0,True,0.9983981014826301,0.0016018985173698252,0.9983981014826301,SRR8908624,naive
SRR8908290,1,1,True,0.0027339045202097825,0.9972660954797902,0.9972660954797902,SRR8908290,DENV
SRR8908211,0,0,True,0.9992077421620273,0.0007922578379727858,0.9992077421620273,SRR8908211,DENV
SRR8908590,0,0,True,0.9904390256619157,0.0095609743380844,0.9904390256619157,SRR8908590,DENV
SRR8908513,0,0,True,0.9999066085754296,9.339142457055488e-05,0.9999066085754296,SRR8908513,naive
SRR8908128,0,0,True,0.9818698787761155,0.01813012122388453,0.9818698787761155,SRR8908128,DENV
SRR8908800,0,0,True,0.9960547540846969,0.003945245915303022,0.9960547540846969,SRR8908800,naive
SRR8908184,0,0,True,0.999667563374955,0.00033243662504510516,0.999667563374955,SRR8908184,naive
SRR8908323,0,0,True,0.9922939520269586,0.00770604797304138,0.9922939520269586,SRR8908323,DENV
SRR8908231,1,1,True,0.004629783826229878,0.9953702161737702,0.9953702161737702,SRR8908231,DENV
SRR8908256,0,0,True,0.9997213132707359,0.0002786867292641465,0.9997213132707359,SRR8908256,DENV
SRR8908071,0,0,True,0.9982246222503003,0.0017753777496996527,0.9982246222503003,SRR8908071,DENV
SRR8908397,0,0,True,0.997255446617476,0.0027445533825241116,0.997255446617476,SRR8908397,DENV
SRR8908110,0,0,True,0.9956298077731189,0.0043701922268811035,0.9956298077731189,SRR8908110,naive
SRR8907999,0,0,True,0.9980224436679717,0.0019775563320283372,0.9980224436679717,SRR8907999,DENV
SRR8908689,0,0,True,0.9936011733896988,0.006398826610301194,0.9936011733896988,SRR8908689,naive
SRR8908083,0,0,True,0.9991207879873052,0.0008792120126947693,0.9991207879873052,SRR8908083,DENV
SRR8908210,0,0,True,0.9991680991157645,0.000831900884235556,0.9991680991157645,SRR8908210,DENV
SRR8907942,0,0,True,0.9992314897671878,0.0007685102328122075,0.9992314897671878,SRR8907942,naive
SRR8908362,0,0,True,0.9980011362436412,0.0019988637563586827,0.9980011362436412,SRR8908362,naive
SRR8908365,0,0,True,0.9995691177167325,0.0004308822832675949,0.9995691177167325,SRR8908365,naive
SRR8908508,0,0,True,0.9988772899379939,0.001122710062006228,0.9988772899379939,SRR8908508,naive
SRR8908376,0,0,True,0.9973093160852965,0.0026906839147035075,0.9973093160852965,SRR8908376,DENV
SRR8908178,1,1,True,0.010666040050965832,0.9893339599490341,0.9893339599490341,SRR8908178,naive
SRR8908260,0,0,True,0.9996220086728073,0.0003779913271926668,0.9996220086728073,SRR8908260,DENV
SRR8908407,0,0,True,0.9995204342080819,0.0004795657919180883,0.9995204342080819,SRR8908407,naive
SRR8908885,0,0,True,0.9993290387086068,0.000670961291393163,0.9993290387086068,SRR8908885,DENV
SRR8908483,0,0,True,0.9997889792333359,0.0002110207666641652,0.9997889792333359,SRR8908483,naive
SRR8908839,0,0,True,0.9990873197812087,0.0009126802187912014,0.9990873197812087,SRR8908839,naive
SRR8908469,0,0,True,0.9876792053296427,0.012320794670357191,0.9876792053296427,SRR8908469,naive
SRR8908015,1,1,True,0.004130463086482967,0.9958695369135171,0.9958695369135171,SRR8908015,naive
SRR8908780,0,0,True,0.9997205440146153,0.00027945598538476284,0.9997205440146153,SRR8908780,DENV
SRR8908640,0,0,True,0.9862484472102295,0.013751552789770352,0.9862484472102295,SRR8908640,naive
SRR8908249,0,0,True,0.9876252562552995,0.012374743744700495,0.9876252562552995,SRR8908249,naive
SRR8908212,0,0,True,0.999427560451012,0.0005724395489880875,0.999427560451012,SRR8908212,DENV
SRR8908770,0,0,True,0.9986503617355663,0.0013496382644338264,0.9986503617355663,SRR8908770,naive
SRR8908875,0,0,True,0.9996372628095672,0.00036273719043293295,0.9996372628095672,SRR8908875,naive
SRR8908646,0,0,True,0.9878239884157013,0.012176011584298851,0.9878239884157013,SRR8908646,naive
SRR8908374,0,0,True,0.9992252511471156,0.0007747488528844559,0.9992252511471156,SRR8908374,naive
SRR8908795,0,0,True,0.9992042197313897,0.0007957802686103694,0.9992042197313897,SRR8908795,DENV
SRR8908404,0,0,True,0.9996398860737414,0.0003601139262585298,0.9996398860737414,SRR8908404,naive
SRR8907963,0,0,True,0.9852608970206252,0.014739102979374677,0.9852608970206252,SRR8907963,DENV
SRR8908716,0,0,True,0.998100189866871,0.0018998101331289894,0.998100189866871,SRR8908716,naive
SRR8908415,0,0,True,0.9514970258145248,0.04850297418547512,0.9514970258145248,SRR8908415,naive
SRR8908723,1,1,True,4.322894017060331e-10,0.9999999995677106,0.9999999995677106,SRR8908723,naive
SRR8908611,0,0,True,0.9982834997520966,0.0017165002479032029,0.9982834997520966,SRR8908611,naive
SRR8907989,0,0,True,0.9999748355365269,2.5164463473093652e-05,0.9999748355365269,SRR8907989,DENV
SRR8908358,0,0,True,0.9996223788661378,0.00037762113386214155,0.9996223788661378,SRR8908358,naive
SRR8908427,0,0,True,0.9999710300154857,2.8969984514319857e-05,0.9999710300154857,SRR8908427,naive
SRR8908303,1,1,True,1.7342713487759068e-06,0.9999982657286512,0.9999982657286512,SRR8908303,DENV
SRR8908667,0,0,True,0.9928817102224653,0.007118289777534746,0.9928817102224653,SRR8908667,DENV
SRR8908773,0,0,True,0.9999540296369264,4.5970363073436166e-05,0.9999540296369264,SRR8908773,naive
SRR8908572,0,0,True,0.99970691041721,0.00029308958278996365,0.99970691041721,SRR8908572,DENV
SRR8908788,0,0,True,0.9994696561702837,0.0005303438297162004,0.9994696561702837,SRR8908788,DENV
SRR8908480,0,0,True,0.9997662801738414,0.00023371982615858993,0.9997662801738414,SRR8908480,naive
SRR8908707,0,0,True,0.9991550227385363,0.0008449772614636638,0.9991550227385363,SRR8908707,DENV
SRR8908659,0,0,True,0.9961188232368285,0.0038811767631714155,0.9961188232368285,SRR8908659,naive
SRR8907980,0,0,True,0.9962861273255703,0.0037138726744297746,0.9962861273255703,SRR8907980,naive
SRR8908484,0,0,True,0.9996651446268137,0.00033485537318632473,0.9996651446268137,SRR8908484,naive
SRR8907949,0,0,True,0.9859442696957904,0.01405573030420966,0.9859442696957904,SRR8907949,naive
SRR8908767,0,0,True,0.9985172072219695,0.001482792778030448,0.9985172072219695,SRR8908767,naive
SRR8908463,0,0,True,0.9992322085667431,0.0007677914332569554,0.9992322085667431,SRR8908463,naive
SRR8908126,0,0,True,0.9817619556520054,0.018238044347994656,0.9817619556520054,SRR8908126,DENV
SRR8908454,0,0,True,0.9998587515797851,0.0001412484202148726,0.9998587515797851,SRR8908454,naive
SRR8908393,0,0,True,0.9966700765511437,0.0033299234488561725,0.9966700765511437,SRR8908393,DENV
SRR8908311,0,0,True,0.9996992754501015,0.00030072454989845174,0.9996992754501015,SRR8908311,DENV
SRR8908529,0,0,True,0.9994377389340817,0.0005622610659182006,0.9994377389340817,SRR8908529,naive
SRR8908592,0,0,True,0.9935169507337213,0.00648304926627884,0.9935169507337213,SRR8908592,DENV
SRR8908630,0,0,True,0.9997350314328767,0.0002649685671232722,0.9997350314328767,SRR8908630,naive
SRR8908863,0,0,True,0.9916162301041436,0.008383769895856374,0.9916162301041436,SRR8908863,naive
SRR8908632,0,0,True,0.9997686122285038,0.0002313877714963243,0.9997686122285038,SRR8908632,naive
SRR8908832,0,0,True,0.9994966128815115,0.0005033871184885431,0.9994966128815115,SRR8908832,naive
SRR8908154,0,0,True,0.9995220717612001,0.0004779282387999026,0.9995220717612001,SRR8908154,DENV
SRR8908287,0,0,True,0.9988656595040262,0.0011343404959740057,0.9988656595040262,SRR8908287,DENV
SRR8908097,0,0,True,0.9983323704485726,0.0016676295514272189,0.9983323704485726,SRR8908097,DENV
SRR8908494,0,0,True,0.999156104717446,0.0008438952825540215,0.999156104717446,SRR8908494,naive
SRR8908016,0,0,True,0.9994701451747652,0.0005298548252349268,0.9994701451747652,SRR8908016,naive
SRR8908077,0,0,True,0.9993875562159295,0.0006124437840704979,0.9993875562159295,SRR8908077,DENV
SRR8908160,0,0,True,0.9858891316968698,0.014110868303130311,0.9858891316968698,SRR8908160,DENV
SRR8908583,0,0,True,0.999588271085832,0.0004117289141680343,0.999588271085832,SRR8908583,DENV
SRR8908044,0,0,True,0.999374156480469,0.0006258435195310083,0.999374156480469,SRR8908044,DENV
SRR8908230,1,1,True,0.006021014728631991,0.993978985271368,0.993978985271368,SRR8908230,DENV
SRR8908662,1,1,True,1.4442603584451699e-06,0.9999985557396416,0.9999985557396416,SRR8908662,naive
SRR8908063,0,0,True,0.9990192577411551,0.0009807422588449179,0.9990192577411551,SRR8908063,naive
SRR8908078,0,0,True,0.9991676878897484,0.0008323121102515929,0.9991676878897484,SRR8908078,DENV
SRR8907938,0,0,True,0.9866083794779205,0.013391620522079461,0.9866083794779205,SRR8907938,DENV
SRR8908140,0,0,True,0.9801559712868781,0.01984402871312182,0.9801559712868781,SRR8908140,naive
SRR8908879,0,0,True,0.9997181416426435,0.0002818583573565138,0.9997181416426435,SRR8908879,naive
SRR8908616,0,0,True,0.9960036209193868,0.00399637908061318,0.9960036209193868,SRR8908616,naive
SRR8908364,0,0,True,0.9994875436657543,0.0005124563342456769,0.9994875436657543,SRR8908364,naive
SRR8908464,0,0,True,0.9904983327853772,0.009501667214622794,0.9904983327853772,SRR8908464,naive
SRR8908329,0,0,True,0.9992305744872436,0.0007694255127564763,0.9992305744872436,SRR8908329,DENV
SRR8908571,0,0,True,0.9997721245899244,0.0002278754100756334,0.9997721245899244,SRR8908571,DENV
SRR8908758,0,0,True,0.9944671389549921,0.005532861045007893,0.9944671389549921,SRR8908758,naive
SRR8908695,0,0,True,0.9929427486355044,0.007057251364495546,0.9929427486355044,SRR8908695,naive
SRR8908838,0,0,True,0.999131787076432,0.0008682129235678721,0.999131787076432,SRR8908838,naive
SRR8908420,0,0,True,0.9995754445648304,0.0004245554351695323,0.9995754445648304,SRR8908420,naive
SRR8908057,0,0,True,0.992315345760728,0.007684654239271974,0.992315345760728,SRR8908057,naive
SRR8908171,0,0,True,0.9890444430726748,0.01095555692732518,0.9890444430726748,SRR8908171,DENV
SRR8907986,1,1,True,0.0036803766401980347,0.996319623359802,0.996319623359802,SRR8907986,naive
SRR8908798,0,0,True,0.9998984178997745,0.00010158210022541438,0.9998984178997745,SRR8908798,DENV
SRR8907976,0,0,True,0.9954353444271422,0.004564655572857802,0.9954353444271422,SRR8907976,naive
SRR8908584,0,0,True,0.9980716937788503,0.001928306221149715,0.9980716937788503,SRR8908584,DENV
SRR8908177,1,1,True,0.009921660628273073,0.9900783393717271,0.9900783393717271,SRR8908177,naive
SRR8907951,0,0,True,0.9860734882529207,0.013926511747079269,0.9860734882529207,SRR8907951,naive
SRR8908208,0,0,True,0.9993963341096163,0.0006036658903837112,0.9993963341096163,SRR8908208,DENV
SRR8908772,0,0,True,0.9999611917068696,3.880829313040175e-05,0.9999611917068696,SRR8908772,naive
SRR8908417,0,0,True,0.9995571509789044,0.00044284902109570666,0.9995571509789044,SRR8908417,naive
SRR8908544,0,0,True,0.9973883697709086,0.002611630229091305,0.9973883697709086,SRR8908544,naive
SRR8908315,1,1,True,2.515166914720839e-09,0.9999999974848331,0.9999999974848331,SRR8908315,DENV
SRR8908644,0,0,True,0.9874321141198831,0.012567885880116921,0.9874321141198831,SRR8908644,naive
SRR8908894,1,1,True,1.7166336048548645e-06,0.9999982833663952,0.9999982833663952,SRR8908894,DENV
SRR8908522,0,0,True,0.9979553762582318,0.0020446237417680356,0.9979553762582318,SRR8908522,naive
SRR8908138,0,0,True,0.975412334168315,0.024587665831685146,0.975412334168315,SRR8908138,naive
SRR8908712,0,0,True,0.9976875076269083,0.0023124923730916676,0.9976875076269083,SRR8908712,naive
SRR8908713,0,0,True,0.9982896850131817,0.0017103149868181765,0.9982896850131817,SRR8908713,naive
SRR8907882,0,0,True,0.9996712582991659,0.0003287417008338926,0.9996712582991659,SRR8907882,naive
SRR8908418,0,0,True,0.9996222668969856,0.0003777331030143807,0.9996222668969856,SRR8908418,naive
SRR8908672,1,1,True,0.031108391977227024,0.9688916080227732,0.9688916080227732,SRR8908672,DENV
SRR8907997,0,0,True,0.9978419354292994,0.0021580645707006177,0.9978419354292994,SRR8907997,DENV
SRR8908304,0,0,True,0.9996048410135382,0.0003951589864616797,0.9996048410135382,SRR8908304,DENV
SRR8907923,0,0,True,0.9935702383363936,0.006429761663606402,0.9935702383363936,SRR8907923,DENV
SRR8908481,0,0,True,0.9997834500587257,0.00021654994127444922,0.9997834500587257,SRR8908481,naive
SRR8908186,0,0,True,0.9996619120947328,0.0003380879052673797,0.9996619120947328,SRR8908186,naive
SRR8908574,1,1,True,1.6836069627922538e-07,0.9999998316393037,0.9999998316393037,SRR8908574,DENV
SRR8908378,0,0,True,0.9999561858890327,4.3814110967136736e-05,0.9999561858890327,SRR8908378,DENV
SRR8908173,1,1,True,0.011949317062380498,0.9880506829376194,0.9880506829376194,SRR8908173,naive
SRR8908682,0,0,True,0.9998412236176655,0.000158776382334511,0.9998412236176655,SRR8908682,naive
SRR8908835,0,0,True,0.999897618602995,0.00010238139700516325,0.999897618602995,SRR8908835,naive
SRR8908302,1,1,True,5.588868572942342e-06,0.9999944111314271,0.9999944111314271,SRR8908302,DENV
SRR8908515,0,0,True,0.9999671852293865,3.281477061327168e-05,0.9999671852293865,SRR8908515,naive
SRR8908501,0,0,True,0.9974934527380551,0.0025065472619449467,0.9974934527380551,SRR8908501,naive
SRR8908197,1,1,True,0.037672320583312185,0.962327679416688,0.962327679416688,SRR8908197,naive
SRR8908447,0,0,True,0.9997322530803152,0.00026774691968468374,0.9997322530803152,SRR8908447,DENV
SRR8908722,1,1,True,6.311630313868379e-10,0.999999999368837,0.999999999368837,SRR8908722,naive
SRR8908619,0,0,True,0.9996494019320227,0.00035059806797743535,0.9996494019320227,SRR8908619,naive
SRR8908283,0,0,True,0.9987007242006272,0.0012992757993729326,0.9987007242006272,SRR8908283,DENV
SRR8908369,0,0,True,0.9995272473331682,0.00047275266683172374,0.9995272473331682,SRR8908369,naive
SRR8908412,1,1,True,0.08104827974580102,0.9189517202541989,0.9189517202541989,SRR8908412,naive
SRR8908690,0,0,True,0.9932441675978985,0.0067558324021014474,0.9932441675978985,SRR8908690,naive
SRR8908622,0,0,True,0.99975618719155,0.0002438128084500453,0.99975618719155,SRR8908622,naive
SRR8908165,0,0,True,0.9903420706501527,0.009657929349847372,0.9903420706501527,SRR8908165,DENV
SRR8908207,0,0,True,0.9817618630747093,0.018238136925290777,0.9817618630747093,SRR8908207,naive
SRR8908431,0,0,True,0.9907856960625445,0.009214303937455584,0.9907856960625445,SRR8908431,DENV
SRR8908546,0,0,True,0.9974214227851498,0.002578577214850089,0.9974214227851498,SRR8908546,naive
SRR8908229,0,0,True,0.9998896861253287,0.00011031387467138058,0.9998896861253287,SRR8908229,DENV
SRR8908020,0,0,True,0.9997086526106247,0.00029134738937531895,0.9997086526106247,SRR8908020,naive
SRR8907960,0,0,True,0.9998073989986996,0.0001926010013002703,0.9998073989986996,SRR8907960,DENV
SRR8908324,0,0,True,0.9997170988371155,0.00028290116288458365,0.9997170988371155,SRR8908324,DENV
SRR8908461,0,0,True,0.999962519568168,3.748043183207515e-05,0.999962519568168,SRR8908461,naive
SRR8907902,1,1,True,2.977852733240717e-08,0.9999999702214727,0.9999999702214727,SRR8907902,DENV
SRR8908168,0,0,True,0.9999689310435622,3.1068956437696486e-05,0.9999689310435622,SRR8908168,DENV
SRR8908814,0,0,True,0.9995475939987483,0.0004524060012518266,0.9995475939987483,SRR8908814,naive
SRR8907909,0,0,True,0.991631176110371,0.008368823889628941,0.991631176110371,SRR8907909,DENV
SRR8908386,0,0,True,0.9993267479458806,0.000673252054119341,0.9993267479458806,SRR8908386,naive
SRR8908244,0,0,True,0.9903643389230455,0.009635661076954348,0.9903643389230455,SRR8908244,naive
SRR8907908,0,0,True,0.9906487265272995,0.009351273472700523,0.9906487265272995,SRR8907908,DENV
SRR8908889,0,0,True,0.9992460898974171,0.00075391010258276,0.9992460898974171,SRR8908889,DENV
SRR8908797,0,0,True,0.9997622810555109,0.00023771894448890195,0.9997622810555109,SRR8908797,DENV
SRR8908090,0,0,True,0.9952174086139844,0.004782591386015437,0.9952174086139844,SRR8908090,DENV
SRR8908225,0,0,True,0.9928069023845414,0.00719309761545859,0.9928069023845414,SRR8908225,DENV
SRR8908433,0,0,True,0.9888951105603693,0.011104889439630866,0.9888951105603693,SRR8908433,DENV
SRR8908898,0,0,True,0.999915968080504,8.403191949610051e-05,0.999915968080504,SRR8908898,DENV
SRR8907881,0,0,True,0.9996710985351809,0.0003289014648190973,0.9996710985351809,SRR8907881,naive
SRR8908094,0,0,True,0.9969213346310573,0.0030786653689427474,0.9969213346310573,SRR8908094,DENV
SRR8907889,1,1,True,0.0038674561616564127,0.9961325438383436,0.9961325438383436,SRR8907889,naive
SRR8907956,0,0,True,0.9986423414565245,0.0013576585434754292,0.9986423414565245,SRR8907956,DENV
SRR8908321,0,0,True,0.9931589184556363,0.006841081544363749,0.9931589184556363,SRR8908321,DENV
SRR8908330,0,0,True,0.9991857145759347,0.0008142854240652324,0.9991857145759347,SRR8908330,DENV
SRR8908706,0,0,True,0.9990986023669043,0.0009013976330957302,0.9990986023669043,SRR8908706,DENV
SRR8908118,0,0,True,0.9994516101393894,0.0005483898606106072,0.9994516101393894,SRR8908118,DENV
SRR8908133,0,0,True,0.9994735055800182,0.000526494419981711,0.9994735055800182,SRR8908133,DENV
SRR8908395,0,0,True,0.9975313197635427,0.002468680236457403,0.9975313197635427,SRR8908395,DENV
SRR8908202,1,1,True,0.04308304316426661,0.9569169568357335,0.9569169568357335,SRR8908202,naive
SRR8908380,0,0,True,0.9993719089371101,0.0006280910628898916,0.9993719089371101,SRR8908380,naive
SRR8908821,0,0,True,0.9999307573859754,6.924261402468151e-05,0.9999307573859754,SRR8908821,naive
SRR8908087,0,0,True,0.9999268889784592,7.311102154091903e-05,0.9999268889784592,SRR8908087,DENV
SRR8908815,0,0,True,0.9995305700057392,0.00046942999426072306,0.9995305700057392,SRR8908815,naive
SRR8908328,0,0,True,0.999135377263917,0.0008646227360828971,0.999135377263917,SRR8908328,DENV
SRR8908200,1,1,True,0.02991616023932628,0.9700838397606737,0.9700838397606737,SRR8908200,naive
SRR8908886,0,0,True,0.9992913157277713,0.0007086842722286189,0.9992913157277713,SRR8908886,DENV
SRR8908156,0,0,True,0.9998182052043804,0.00018179479561964448,0.9998182052043804,SRR8908156,DENV
SRR8908075,1,1,True,2.9243615990866626e-08,0.999999970756384,0.999999970756384,SRR8908075,DENV
SRR8908543,0,0,True,0.9972763937656753,0.0027236062343246508,0.9972763937656753,SRR8908543,naive
SRR8908385,0,0,True,0.99923725739076,0.0007627426092401304,0.99923725739076,SRR8908385,naive
SRR8907945,0,0,True,0.9991485848154779,0.0008514151845221084,0.9991485848154779,SRR8907945,naive
SRR8908089,0,0,True,0.9961814953983349,0.0038185046016651733,0.9961814953983349,SRR8908089,DENV
SRR8908446,0,0,True,0.9997087985203033,0.0002912014796967092,0.9997087985203033,SRR8908446,DENV
SRR8908410,0,0,True,0.9995121087525837,0.00048789124741637066,0.9995121087525837,SRR8908410,naive
SRR8908198,1,1,True,0.03826068779477678,0.9617393122052234,0.9617393122052234,SRR8908198,naive
SRR8908018,0,0,True,0.999653653567106,0.00034634643289395493,0.999653653567106,SRR8908018,naive
SRR8908206,0,0,True,0.9899999219114218,0.010000078088578128,0.9899999219114218,SRR8908206,naive
SRR8908341,0,0,True,0.9993875375158541,0.0006124624841459432,0.9993875375158541,SRR8908341,DENV
SRR8908597,0,0,True,0.9999831470858915,1.685291410852242e-05,0.9999831470858915,SRR8908597,DENV
SRR8908701,0,0,True,0.9987760254700281,0.0012239745299719444,0.9987760254700281,SRR8908701,DENV
SRR8908284,0,0,True,0.9989165882871537,0.0010834117128463222,0.9989165882871537,SRR8908284,DENV
SRR8908609,0,0,True,0.9984399192363954,0.0015600807636044888,0.9984399192363954,SRR8908609,naive
SRR8908769,0,0,True,0.9985735426787148,0.0014264573212851943,0.9985735426787148,SRR8908769,naive
SRR8908188,0,0,True,0.9997241071228097,0.00027589287719028766,0.9997241071228097,SRR8908188,naive
SRR8908495,0,0,True,0.998935483677091,0.0010645163229090972,0.998935483677091,SRR8908495,naive
SRR8908554,0,0,True,0.9909280869843067,0.009071913015693295,0.9909280869843067,SRR8908554,naive
SRR8908129,0,0,True,0.9773370812155581,0.022662918784441922,0.9773370812155581,SRR8908129,DENV
SRR8908664,0,0,True,0.9930906167464683,0.0069093832535318065,0.9930906167464683,SRR8908664,DENV
SRR8907934,0,0,True,0.9959584924762747,0.004041507523725364,0.9959584924762747,SRR8907934,DENV
SRR8908764,0,0,True,0.9983789461201278,0.001621053879872117,0.9983789461201278,SRR8908764,naive
SRR8908539,1,1,True,1.0760234684433635e-05,0.9999892397653156,0.9999892397653156,SRR8908539,naive
SRR8907910,0,0,True,0.9908701710357862,0.00912982896421382,0.9908701710357862,SRR8907910,DENV
SRR8908600,0,0,True,0.9999496847866862,5.0315213313811746e-05,0.9999496847866862,SRR8908600,DENV
SRR8908688,0,0,True,0.9929487747137077,0.007051225286292253,0.9929487747137077,SRR8908688,naive
SRR8908803,0,0,True,0.9952682888485117,0.00473171115148825,0.9952682888485117,SRR8908803,naive
SRR8908426,0,0,True,0.9999677740792718,3.2225920728240724e-05,0.9999677740792718,SRR8908426,naive
SRR8908541,0,0,True,0.9973890337613935,0.0026109662386063393,0.9973890337613935,SRR8908541,naive
SRR8907904,0,0,True,0.9911198347910474,0.008880165208952762,0.9911198347910474,SRR8907904,DENV
SRR8908277,0,0,True,0.9988738122477109,0.0011261877522891599,0.9988738122477109,SRR8908277,naive
SRR8907888,0,0,True,0.9995069058378476,0.0004930941621524338,0.9995069058378476,SRR8907888,naive
